method,normalization,theta,rho,lambda,alpha,beta,top_alternative,top_stable,full_ranking_stable,spearman,kendall_tau,ranking,score_A1,rank_A1,score_A2,rank_A2,score_A3,rank_A3,score_A4,rank_A4,score_A5,rank_A5
classical_todim,max,0.5,3.0,2.25,0.88,0.88,A1,True,False,0.7,0.6,A1 > A3 > A4 > A2 > A5,1.0,1,0.24436176226383416,4,0.6781917172176608,2,0.6106757346940456,3,0.0,5
classical_todim,max,1.0,3.0,2.25,0.88,0.88,A1,True,False,0.7,0.6,A1 > A3 > A4 > A2 > A5,1.0,1,0.24404571432602085,4,0.6659282760348587,2,0.599627258204866,3,0.0,5
classical_todim,max,2.0,3.0,2.25,0.88,0.88,A1,True,False,0.7,0.6,A1 > A3 > A4 > A2 > A5,1.0,1,0.24345706489142435,4,0.6430872229705373,2,0.5790491159030818,3,0.0,5
classical_todim,max,5.0,3.0,2.25,0.88,0.88,A1,True,False,0.7,0.6,A1 > A3 > A4 > A2 > A5,1.0,1,0.24197567984595245,4,0.5856058215732708,2,0.5272625168208097,3,0.0,5
classical_todim,max,10.0,3.0,2.25,0.88,0.88,A1,True,False,0.7,0.6,A1 > A3 > A4 > A2 > A5,1.0,1,0.24016899949854958,4,0.5155021584081358,2,0.46410416976798147,3,0.0,5
classical_todim,max_min,0.5,3.0,2.25,0.88,0.88,A1,True,False,0.7,0.6,A1 > A3 > A4 > A2 > A5,1.0,1,0.4091587193439901,4,0.7931041716647179,2,0.6828316300996095,3,0.0,5
classical_todim,max_min,1.0,3.0,2.25,0.88,0.88,A1,True,False,0.7,0.6,A1 > A3 > A4 > A2 > A5,1.0,1,0.40648001586386073,4,0.7802145729390976,2,0.6709501981069461,3,0.0,5
classical_todim,max_min,2.0,3.0,2.25,0.88,0.88,A1,True,False,0.7,0.6,A1 > A3 > A4 > A2 > A5,1.0,1,0.401467373012884,4,0.7560943388843686,2,0.6487165408249119,3,0.0,5
classical_todim,max_min,5.0,3.0,2.25,0.88,0.88,A1,True,False,0.7,0.6,A1 > A3 > A4 > A2 > A5,1.0,1,0.3887157985174198,4,0.6947352972488787,2,0.5921567288520232,3,0.0,5
classical_todim,max_min,10.0,3.0,2.25,0.88,0.88,A1,True,False,0.7,0.6,A1 > A3 > A4 > A2 > A5,1.0,1,0.37289359159133867,4,0.6186007419523503,2,0.521977077778065,3,0.0,5
classical_todim,sum,0.5,3.0,2.25,0.88,0.88,A1,True,False,0.7,0.6,A1 > A3 > A4 > A2 > A5,1.0,1,0.2507644143766439,4,0.6754501461756508,2,0.5591459893552119,3,0.0,5
classical_todim,sum,1.0,3.0,2.25,0.88,0.88,A1,True,False,0.7,0.6,A1 > A3 > A4 > A2 > A5,1.0,1,0.25098108452811224,4,0.6642414637108482,2,0.5504741119979818,3,0.0,5
classical_todim,sum,2.0,3.0,2.25,0.88,0.88,A1,True,False,0.7,0.6,A1 > A3 > A4 > A2 > A5,1.0,1,0.2513872325972058,4,0.6432307951470528,2,0.5342186830882241,3,0.0,5
classical_todim,sum,5.0,3.0,2.25,0.88,0.88,A1,True,False,0.7,0.6,A1 > A3 > A4 > A2 > A5,1.0,1,0.25242452425395395,4,0.5895700914225009,2,0.49270273836740297,3,0.0,5
classical_todim,sum,10.0,3.0,2.25,0.88,0.88,A1,True,False,0.7,0.6,A1 > A3 > A4 > A2 > A5,1.0,1,0.25371984195482544,4,0.5225613008635053,2,0.4408597126229697,3,0.0,5
classical_todim,vector,0.5,3.0,2.25,0.88,0.88,A1,True,False,0.7,0.6,A1 > A3 > A4 > A2 > A5,1.0,1,0.248495931698547,4,0.6735619399021593,2,0.5786106053026476,3,0.0,5
classical_todim,vector,1.0,3.0,2.25,0.88,0.88,A1,True,False,0.7,0.6,A1 > A3 > A4 > A2 > A5,1.0,1,0.24867582353205542,4,0.661794845949499,2,0.5691214546266891,3,0.0,5
classical_todim,vector,2.0,3.0,2.25,0.88,0.88,A1,True,False,0.7,0.6,A1 > A3 > A4 > A2 > A5,1.0,1,0.2490123225881081,4,0.6397837522254032,2,0.5513713979235751,3,0.0,5
classical_todim,vector,5.0,3.0,2.25,0.88,0.88,A1,True,False,0.7,0.6,A1 > A3 > A4 > A2 > A5,1.0,1,0.24986756467752724,4,0.5838406122718358,2,0.5062580601325033,3,0.0,5
classical_todim,vector,10.0,3.0,2.25,0.88,0.88,A1,True,False,0.7,0.6,A1 > A3 > A4 > A2 > A5,1.0,1,0.25092721452544936,4,0.5145267414070884,2,0.4503623761840613,3,0.0,5
generalized_inverse,max,1.0,3.0,1.0,0.5,0.5,A1,True,False,0.7,0.6,A1 > A3 > A4 > A2 > A5,1.0,1,0.24404571432602085,4,0.6659282760348587,2,0.599627258204866,3,0.0,5
generalized_inverse,max,1.0,3.0,1.0,0.5,0.88,A1,True,False,0.7,0.6,A1 > A3 > A4 > A2 > A5,1.0,1,0.24404571432602085,4,0.6659282760348587,2,0.599627258204866,3,0.0,5
generalized_inverse,max,1.0,3.0,1.0,0.5,1.0,A1,True,False,0.7,0.6,A1 > A3 > A4 > A2 > A5,1.0,1,0.24404571432602085,4,0.6659282760348587,2,0.599627258204866,3,0.0,5
generalized_inverse,max,1.0,3.0,1.0,0.88,0.5,A1,True,False,0.7,0.6,A1 > A3 > A4 > A2 > A5,1.0,1,0.14302388011583012,4,0.7761680537743604,2,0.4879089897963738,3,0.0,5
generalized_inverse,max,1.0,3.0,1.0,0.88,0.88,A1,True,False,0.7,0.6,A1 > A3 > A4 > A2 > A5,1.0,1,0.14302388011583012,4,0.7761680537743604,2,0.4879089897963738,3,0.0,5
generalized_inverse,max,1.0,3.0,1.0,0.88,1.0,A1,True,False,0.7,0.6,A1 > A3 > A4 > A2 > A5,1.0,1,0.14302388011583012,4,0.7761680537743604,2,0.4879089897963738,3,0.0,5
generalized_inverse,max,1.0,3.0,1.0,1.0,0.5,A1,True,False,0.7,0.6,A1 > A3 > A4 > A2 > A5,1.0,1,0.12117202666858459,4,0.7951368329731354,2,0.4435343082683341,3,0.0,5
generalized_inverse,max,1.0,3.0,1.0,1.0,0.88,A1,True,False,0.7,0.6,A1 > A3 > A4 > A2 > A5,1.0,1,0.12117202666858459,4,0.7951368329731354,2,0.4435343082683341,3,0.0,5
generalized_inverse,max,1.0,3.0,1.0,1.0,1.0,A1,True,False,0.7,0.6,A1 > A3 > A4 > A2 > A5,1.0,1,0.12117202666858459,4,0.7951368329731354,2,0.4435343082683341,3,0.0,5
generalized_inverse,max,1.0,3.0,1.5,0.5,0.5,A1,True,False,0.7,0.6,A1 > A3 > A4 > A2 > A5,1.0,1,0.2442546991137336,4,0.6740374023590259,2,0.6069329964723592,3,0.0,5
generalized_inverse,max,1.0,3.0,1.5,0.5,0.88,A1,True,False,0.7,0.6,A1 > A3 > A4 > A2 > A5,1.0,1,0.2442546991137336,4,0.6740374023590259,2,0.6069329964723592,3,0.0,5
generalized_inverse,max,1.0,3.0,1.5,0.5,1.0,A1,True,False,0.7,0.6,A1 > A3 > A4 > A2 > A5,1.0,1,0.2442546991137336,4,0.6740374023590259,2,0.6069329964723592,3,0.0,5
generalized_inverse,max,1.0,3.0,1.5,0.88,0.5,A1,True,False,0.7,0.6,A1 > A3 > A4 > A2 > A5,1.0,1,0.14308839293447398,4,0.7773210722269748,2,0.48906819033254806,3,0.0,5
generalized_inverse,max,1.0,3.0,1.5,0.88,0.88,A1,True,False,0.7,0.6,A1 > A3 > A4 > A2 > A5,1.0,1,0.14308839293447398,4,0.7773210722269748,2,0.48906819033254806,3,0.0,5
generalized_inverse,max,1.0,3.0,1.5,0.88,1.0,A1,True,False,0.7,0.6,A1 > A3 > A4 > A2 > A5,1.0,1,0.14308839293447398,4,0.7773210722269748,2,0.48906819033254806,3,0.0,5
generalized_inverse,max,1.0,3.0,1.5,1.0,0.5,A1,True,False,0.7,0.6,A1 > A3 > A4 > A2 > A5,1.0,1,0.12121907969443105,4,0.7957027906031887,2,0.44413490874869743,3,0.0,5
generalized_inverse,max,1.0,3.0,1.5,1.0,0.88,A1,True,False,0.7,0.6,A1 > A3 > A4 > A2 > A5,1.0,1,0.12121907969443105,4,0.7957027906031887,2,0.44413490874869743,3,0.0,5
generalized_inverse,max,1.0,3.0,1.5,1.0,1.0,A1,True,False,0.7,0.6,A1 > A3 > A4 > A2 > A5,1.0,1,0.12121907969443105,4,0.7957027906031887,2,0.44413490874869743,3,0.0,5
generalized_inverse,max,1.0,3.0,2.25,0.5,0.5,A1,True,False,0.7,0.6,A1 > A3 > A4 > A2 > A5,1.0,1,0.24439784127280964,4,0.6795916719446803,2,0.6119369929866265,3,0.0,5
generalized_inverse,max,1.0,3.0,2.25,0.5,0.88,A1,True,False,0.7,0.6,A1 > A3 > A4 > A2 > A5,1.0,1,0.24439784127280964,4,0.6795916719446803,2,0.6119369929866265,3,0.0,5
generalized_inverse,max,1.0,3.0,2.25,0.5,1.0,A1,True,False,0.7,0.6,A1 > A3 > A4 > A2 > A5,1.0,1,0.24439784127280964,4,0.6795916719446803,2,0.6119369929866265,3,0.0,5
generalized_inverse,max,1.0,3.0,2.25,0.88,0.5,A1,True,False,0.7,0.6,A1 > A3 > A4 > A2 > A5,1.0,1,0.14313152746388058,4,0.7780920028636502,2,0.4898432544309248,3,0.0,5
generalized_inverse,max,1.0,3.0,2.25,0.88,0.88,A1,True,False,0.7,0.6,A1 > A3 > A4 > A2 > A5,1.0,1,0.14313152746388058,4,0.7780920028636502,2,0.4898432544309248,3,0.0,5
generalized_inverse,max,1.0,3.0,2.25,0.88,1.0,A1,True,False,0.7,0.6,A1 > A3 > A4 > A2 > A5,1.0,1,0.14313152746388058,4,0.7780920028636502,2,0.4898432544309248,3,0.0,5
generalized_inverse,max,1.0,3.0,2.25,1.0,0.5,A1,True,False,0.7,0.6,A1 > A3 > A4 > A2 > A5,1.0,1,0.12125049395811445,4,0.7960806439272733,2,0.4445358908644977,3,0.0,5
generalized_inverse,max,1.0,3.0,2.25,1.0,0.88,A1,True,False,0.7,0.6,A1 > A3 > A4 > A2 > A5,1.0,1,0.12125049395811445,4,0.7960806439272733,2,0.4445358908644977,3,0.0,5
generalized_inverse,max,1.0,3.0,2.25,1.0,1.0,A1,True,False,0.7,0.6,A1 > A3 > A4 > A2 > A5,1.0,1,0.12125049395811445,4,0.7960806439272733,2,0.4445358908644977,3,0.0,5
generalized_inverse,max,1.0,3.0,3.0,0.5,0.5,A1,True,False,0.7,0.6,A1 > A3 > A4 > A2 > A5,1.0,1,0.24447059593547463,4,0.6824147326883812,2,0.6144803672149017,3,0.0,5
generalized_inverse,max,1.0,3.0,3.0,0.5,0.88,A1,True,False,0.7,0.6,A1 > A3 > A4 > A2 > A5,1.0,1,0.24447059593547463,4,0.6824147326883812,2,0.6144803672149017,3,0.0,5
generalized_inverse,max,1.0,3.0,3.0,0.5,1.0,A1,True,False,0.7,0.6,A1 > A3 > A4 > A2 > A5,1.0,1,0.24447059593547463,4,0.6824147326883812,2,0.6144803672149017,3,0.0,5
generalized_inverse,max,1.0,3.0,3.0,0.88,0.5,A1,True,False,0.7,0.6,A1 > A3 > A4 > A2 > A5,1.0,1,0.1431531326566095,4,0.778478146058328,2,0.4902314679909899,3,0.0,5
generalized_inverse,max,1.0,3.0,3.0,0.88,0.88,A1,True,False,0.7,0.6,A1 > A3 > A4 > A2 > A5,1.0,1,0.1431531326566095,4,0.778478146058328,2,0.4902314679909899,3,0.0,5
generalized_inverse,max,1.0,3.0,3.0,0.88,1.0,A1,True,False,0.7,0.6,A1 > A3 > A4 > A2 > A5,1.0,1,0.1431531326566095,4,0.778478146058328,2,0.4902314679909899,3,0.0,5
generalized_inverse,max,1.0,3.0,3.0,1.0,0.5,A1,True,False,0.7,0.6,A1 > A3 > A4 > A2 > A5,1.0,1,0.12126621478774148,4,0.7962697353473925,2,0.4447365567654869,3,0.0,5
generalized_inverse,max,1.0,3.0,3.0,1.0,0.88,A1,True,False,0.7,0.6,A1 > A3 > A4 > A2 > A5,1.0,1,0.12126621478774148,4,0.7962697353473925,2,0.4447365567654869,3,0.0,5
generalized_inverse,max,1.0,3.0,3.0,1.0,1.0,A1,True,False,0.7,0.6,A1 > A3 > A4 > A2 > A5,1.0,1,0.12126621478774148,4,0.7962697353473925,2,0.4447365567654869,3,0.0,5
generalized_inverse,max,1.0,3.0,5.0,0.5,0.5,A1,True,False,0.7,0.6,A1 > A3 > A4 > A2 > A5,1.0,1,0.24455896735847685,4,0.6858437623340945,2,0.6175696757423069,3,0.0,5
generalized_inverse,max,1.0,3.0,5.0,0.5,0.88,A1,True,False,0.7,0.6,A1 > A3 > A4 > A2 > A5,1.0,1,0.24455896735847685,4,0.6858437623340945,2,0.6175696757423069,3,0.0,5
generalized_inverse,max,1.0,3.0,5.0,0.5,1.0,A1,True,False,0.7,0.6,A1 > A3 > A4 > A2 > A5,1.0,1,0.24455896735847685,4,0.6858437623340945,2,0.6175696757423069,3,0.0,5
generalized_inverse,max,1.0,3.0,5.0,0.88,0.5,A1,True,False,0.7,0.6,A1 > A3 > A4 > A2 > A5,1.0,1,0.14317909234677825,4,0.7789421158928308,2,0.4906979254702305,3,0.0,5
generalized_inverse,max,1.0,3.0,5.0,0.88,0.88,A1,True,False,0.7,0.6,A1 > A3 > A4 > A2 > A5,1.0,1,0.14317909234677825,4,0.7789421158928308,2,0.4906979254702305,3,0.0,5
generalized_inverse,max,1.0,3.0,5.0,0.88,1.0,A1,True,False,0.7,0.6,A1 > A3 > A4 > A2 > A5,1.0,1,0.14317909234677825,4,0.7789421158928308,2,0.4906979254702305,3,0.0,5
generalized_inverse,max,1.0,3.0,5.0,1.0,0.5,A1,True,False,0.7,0.6,A1 > A3 > A4 > A2 > A5,1.0,1,0.12128509185206662,4,0.7964967902157205,2,0.4449775098965077,3,0.0,5
generalized_inverse,max,1.0,3.0,5.0,1.0,0.88,A1,True,False,0.7,0.6,A1 > A3 > A4 > A2 > A5,1.0,1,0.12128509185206662,4,0.7964967902157205,2,0.4449775098965077,3,0.0,5
generalized_inverse,max,1.0,3.0,5.0,1.0,1.0,A1,True,False,0.7,0.6,A1 > A3 > A4 > A2 > A5,1.0,1,0.12128509185206662,4,0.7964967902157205,2,0.4449775098965077,3,0.0,5
generalized_inverse,max_min,1.0,3.0,1.0,0.5,0.5,A1,True,False,0.7,0.6,A1 > A3 > A4 > A2 > A5,1.0,1,0.40648001586386073,4,0.7802145729390976,2,0.6709501981069461,3,0.0,5
generalized_inverse,max_min,1.0,3.0,1.0,0.5,0.88,A1,True,False,0.7,0.6,A1 > A3 > A4 > A2 > A5,1.0,1,0.40648001586386073,4,0.7802145729390976,2,0.6709501981069461,3,0.0,5
generalized_inverse,max_min,1.0,3.0,1.0,0.5,1.0,A1,True,False,0.7,0.6,A1 > A3 > A4 > A2 > A5,1.0,1,0.40648001586386073,4,0.7802145729390976,2,0.6709501981069461,3,0.0,5
generalized_inverse,max_min,1.0,3.0,1.0,0.88,0.5,A1,True,False,0.7,0.6,A1 > A3 > A4 > A2 > A5,1.0,1,0.4340868238740244,4,0.9263116595250198,2,0.6876135245745468,3,0.0,5
generalized_inverse,max_min,1.0,3.0,1.0,0.88,0.88,A1,True,False,0.7,0.6,A1 > A3 > A4 > A2 > A5,1.0,1,0.4340868238740244,4,0.9263116595250198,2,0.6876135245745468,3,0.0,5
generalized_inverse,max_min,1.0,3.0,1.0,0.88,1.0,A1,True,False,0.7,0.6,A1 > A3 > A4 > A2 > A5,1.0,1,0.4340868238740244,4,0.9263116595250198,2,0.6876135245745468,3,0.0,5
generalized_inverse,max_min,1.0,3.0,1.0,1.0,0.5,A1,True,False,0.7,0.6,A1 > A3 > A4 > A2 > A5,1.0,1,0.4452130660650632,4,0.9506844942402131,2,0.6838691864916416,3,0.0,5
generalized_inverse,max_min,1.0,3.0,1.0,1.0,0.88,A1,True,False,0.7,0.6,A1 > A3 > A4 > A2 > A5,1.0,1,0.4452130660650632,4,0.9506844942402131,2,0.6838691864916416,3,0.0,5
generalized_inverse,max_min,1.0,3.0,1.0,1.0,1.0,A1,True,False,0.7,0.6,A1 > A3 > A4 > A2 > A5,1.0,1,0.4452130660650632,4,0.9506844942402131,2,0.6838691864916416,3,0.0,5
generalized_inverse,max_min,1.0,3.0,1.5,0.5,0.5,A1,True,False,0.7,0.6,A1 > A3 > A4 > A2 > A5,1.0,1,0.40825227440506767,4,0.7887424677224,2,0.6788110791215736,3,0.0,5
generalized_inverse,max_min,1.0,3.0,1.5,0.5,0.88,A1,True,False,0.7,0.6,A1 > A3 > A4 > A2 > A5,1.0,1,0.40825227440506767,4,0.7887424677224,2,0.6788110791215736,3,0.0,5
generalized_inverse,max_min,1.0,3.0,1.5,0.5,1.0,A1,True,False,0.7,0.6,A1 > A3 > A4 > A2 > A5,1.0,1,0.40825227440506767,4,0.7887424677224,2,0.6788110791215736,3,0.0,5
generalized_inverse,max_min,1.0,3.0,1.5,0.88,0.5,A1,True,False,0.7,0.6,A1 > A3 > A4 > A2 > A5,1.0,1,0.4346776856648344,4,0.9276874862788642,2,0.6893441696777409,3,0.0,5
generalized_inverse,max_min,1.0,3.0,1.5,0.88,0.88,A1,True,False,0.7,0.6,A1 > A3 > A4 > A2 > A5,1.0,1,0.4346776856648344,4,0.9276874862788642,2,0.6893441696777409,3,0.0,5
generalized_inverse,max_min,1.0,3.0,1.5,0.88,1.0,A1,True,False,0.7,0.6,A1 > A3 > A4 > A2 > A5,1.0,1,0.4346776856648344,4,0.9276874862788642,2,0.6893441696777409,3,0.0,5
generalized_inverse,max_min,1.0,3.0,1.5,1.0,0.5,A1,True,False,0.7,0.6,A1 > A3 > A4 > A2 > A5,1.0,1,0.4455911865867684,4,0.9514082664123006,2,0.6848665555173188,3,0.0,5
generalized_inverse,max_min,1.0,3.0,1.5,1.0,0.88,A1,True,False,0.7,0.6,A1 > A3 > A4 > A2 > A5,1.0,1,0.4455911865867684,4,0.9514082664123006,2,0.6848665555173188,3,0.0,5
generalized_inverse,max_min,1.0,3.0,1.5,1.0,1.0,A1,True,False,0.7,0.6,A1 > A3 > A4 > A2 > A5,1.0,1,0.4455911865867684,4,0.9514082664123006,2,0.6848665555173188,3,0.0,5
generalized_inverse,max_min,1.0,3.0,2.25,0.5,0.5,A1,True,False,0.7,0.6,A1 > A3 > A4 > A2 > A5,1.0,1,0.4094639542502415,4,0.794572925294157,2,0.6841855043926447,3,0.0,5
generalized_inverse,max_min,1.0,3.0,2.25,0.5,0.88,A1,True,False,0.7,0.6,A1 > A3 > A4 > A2 > A5,1.0,1,0.4094639542502415,4,0.794572925294157,2,0.6841855043926447,3,0.0,5
generalized_inverse,max_min,1.0,3.0,2.25,0.5,1.0,A1,True,False,0.7,0.6,A1 > A3 > A4 > A2 > A5,1.0,1,0.4094639542502415,4,0.794572925294157,2,0.6841855043926447,3,0.0,5
generalized_inverse,max_min,1.0,3.0,2.25,0.88,0.5,A1,True,False,0.7,0.6,A1 > A3 > A4 > A2 > A5,1.0,1,0.43507294856695,4,0.9286078593407053,2,0.6905019020216839,3,0.0,5
generalized_inverse,max_min,1.0,3.0,2.25,0.88,0.88,A1,True,False,0.7,0.6,A1 > A3 > A4 > A2 > A5,1.0,1,0.43507294856695,4,0.9286078593407053,2,0.6905019020216839,3,0.0,5
generalized_inverse,max_min,1.0,3.0,2.25,0.88,1.0,A1,True,False,0.7,0.6,A1 > A3 > A4 > A2 > A5,1.0,1,0.43507294856695,4,0.9286078593407053,2,0.6905019020216839,3,0.0,5
generalized_inverse,max_min,1.0,3.0,2.25,1.0,0.5,A1,True,False,0.7,0.6,A1 > A3 > A4 > A2 > A5,1.0,1,0.44584373958273604,4,0.9518916859041446,2,0.6855327149058223,3,0.0,5
generalized_inverse,max_min,1.0,3.0,2.25,1.0,0.88,A1,True,False,0.7,0.6,A1 > A3 > A4 > A2 > A5,1.0,1,0.44584373958273604,4,0.9518916859041446,2,0.6855327149058223,3,0.0,5
generalized_inverse,max_min,1.0,3.0,2.25,1.0,1.0,A1,True,False,0.7,0.6,A1 > A3 > A4 > A2 > A5,1.0,1,0.44584373958273604,4,0.9518916859041446,2,0.6855327149058223,3,0.0,5
generalized_inverse,max_min,1.0,3.0,3.0,0.5,0.5,A1,True,False,0.7,0.6,A1 > A3 > A4 > A2 > A5,1.0,1,0.41007912526178447,4,0.7975330541569609,2,0.6869141052220108,3,0.0,5
generalized_inverse,max_min,1.0,3.0,3.0,0.5,0.88,A1,True,False,0.7,0.6,A1 > A3 > A4 > A2 > A5,1.0,1,0.41007912526178447,4,0.7975330541569609,2,0.6869141052220108,3,0.0,5
generalized_inverse,max_min,1.0,3.0,3.0,0.5,1.0,A1,True,False,0.7,0.6,A1 > A3 > A4 > A2 > A5,1.0,1,0.41007912526178447,4,0.7975330541569609,2,0.6869141052220108,3,0.0,5
generalized_inverse,max_min,1.0,3.0,3.0,0.88,0.5,A1,True,False,0.7,0.6,A1 > A3 > A4 > A2 > A5,1.0,1,0.4352709882097175,4,0.9290689963495273,2,0.6910819637947155,3,0.0,5
generalized_inverse,max_min,1.0,3.0,3.0,0.88,0.88,A1,True,False,0.7,0.6,A1 > A3 > A4 > A2 > A5,1.0,1,0.4352709882097175,4,0.9290689963495273,2,0.6910819637947155,3,0.0,5
generalized_inverse,max_min,1.0,3.0,3.0,0.88,1.0,A1,True,False,0.7,0.6,A1 > A3 > A4 > A2 > A5,1.0,1,0.4352709882097175,4,0.9290689963495273,2,0.6910819637947155,3,0.0,5
generalized_inverse,max_min,1.0,3.0,3.0,1.0,0.5,A1,True,False,0.7,0.6,A1 > A3 > A4 > A2 > A5,1.0,1,0.44597015819432456,4,0.9521336676741078,2,0.6858661694533269,3,0.0,5
generalized_inverse,max_min,1.0,3.0,3.0,1.0,0.88,A1,True,False,0.7,0.6,A1 > A3 > A4 > A2 > A5,1.0,1,0.44597015819432456,4,0.9521336676741078,2,0.6858661694533269,3,0.0,5
generalized_inverse,max_min,1.0,3.0,3.0,1.0,1.0,A1,True,False,0.7,0.6,A1 > A3 > A4 > A2 > A5,1.0,1,0.44597015819432456,4,0.9521336676741078,2,0.6858661694533269,3,0.0,5
generalized_inverse,max_min,1.0,3.0,5.0,0.5,0.5,A1,True,False,0.7,0.6,A1 > A3 > A4 > A2 > A5,1.0,1,0.410825719990281,4,0.8011255781269975,2,0.6902256380432119,3,0.0,5
generalized_inverse,max_min,1.0,3.0,5.0,0.5,0.88,A1,True,False,0.7,0.6,A1 > A3 > A4 > A2 > A5,1.0,1,0.410825719990281,4,0.8011255781269975,2,0.6902256380432119,3,0.0,5
generalized_inverse,max_min,1.0,3.0,5.0,0.5,1.0,A1,True,False,0.7,0.6,A1 > A3 > A4 > A2 > A5,1.0,1,0.410825719990281,4,0.8011255781269975,2,0.6902256380432119,3,0.0,5
generalized_inverse,max_min,1.0,3.0,5.0,0.88,0.5,A1,True,False,0.7,0.6,A1 > A3 > A4 > A2 > A5,1.0,1,0.43550899602928494,4,0.9296231996012486,2,0.6917790930961236,3,0.0,5
generalized_inverse,max_min,1.0,3.0,5.0,0.88,0.88,A1,True,False,0.7,0.6,A1 > A3 > A4 > A2 > A5,1.0,1,0.43550899602928494,4,0.9296231996012486,2,0.6917790930961236,3,0.0,5
generalized_inverse,max_min,1.0,3.0,5.0,0.88,1.0,A1,True,False,0.7,0.6,A1 > A3 > A4 > A2 > A5,1.0,1,0.43550899602928494,4,0.9296231996012486,2,0.6917790930961236,3,0.0,5
generalized_inverse,max_min,1.0,3.0,5.0,1.0,0.5,A1,True,False,0.7,0.6,A1 > A3 > A4 > A2 > A5,1.0,1,0.4461219857853339,4,0.9524242855565542,2,0.6862666453011674,3,0.0,5
generalized_inverse,max_min,1.0,3.0,5.0,1.0,0.88,A1,True,False,0.7,0.6,A1 > A3 > A4 > A2 > A5,1.0,1,0.4461219857853339,4,0.9524242855565542,2,0.6862666453011674,3,0.0,5
generalized_inverse,max_min,1.0,3.0,5.0,1.0,1.0,A1,True,False,0.7,0.6,A1 > A3 > A4 > A2 > A5,1.0,1,0.4461219857853339,4,0.9524242855565542,2,0.6862666453011674,3,0.0,5
generalized_inverse,sum,1.0,3.0,1.0,0.5,0.5,A1,True,False,0.7,0.6,A1 > A3 > A4 > A2 > A5,1.0,1,0.25098108452811224,4,0.6642414637108482,2,0.5504741119979818,3,0.0,5
generalized_inverse,sum,1.0,3.0,1.0,0.5,0.88,A1,True,False,0.7,0.6,A1 > A3 > A4 > A2 > A5,1.0,1,0.25098108452811224,4,0.6642414637108482,2,0.5504741119979818,3,0.0,5
generalized_inverse,sum,1.0,3.0,1.0,0.5,1.0,A1,True,False,0.7,0.6,A1 > A3 > A4 > A2 > A5,1.0,1,0.25098108452811224,4,0.6642414637108482,2,0.5504741119979818,3,0.0,5
generalized_inverse,sum,1.0,3.0,1.0,0.88,0.5,A1,True,False,0.7,0.6,A1 > A3 > A4 > A2 > A5,1.0,1,0.14859255012546638,4,0.7578590346545373,2,0.3937362640533179,3,0.0,5
generalized_inverse,sum,1.0,3.0,1.0,0.88,0.88,A1,True,False,0.7,0.6,A1 > A3 > A4 > A2 > A5,1.0,1,0.14859255012546638,4,0.7578590346545373,2,0.3937362640533179,3,0.0,5
generalized_inverse,sum,1.0,3.0,1.0,0.88,1.0,A1,True,False,0.7,0.6,A1 > A3 > A4 > A2 > A5,1.0,1,0.14859255012546638,4,0.7578590346545373,2,0.3937362640533179,3,0.0,5
generalized_inverse,sum,1.0,3.0,1.0,1.0,0.5,A1,True,False,0.7,0.6,A1 > A3 > A4 > A2 > A5,1.0,1,0.1297020807643475,4,0.7734405881455371,2,0.3446725275063873,3,0.0,5
generalized_inverse,sum,1.0,3.0,1.0,1.0,0.88,A1,True,False,0.7,0.6,A1 > A3 > A4 > A2 > A5,1.0,1,0.1297020807643475,4,0.7734405881455371,2,0.3446725275063873,3,0.0,5
generalized_inverse,sum,1.0,3.0,1.0,1.0,1.0,A1,True,False,0.7,0.6,A1 > A3 > A4 > A2 > A5,1.0,1,0.1297020807643475,4,0.7734405881455371,2,0.3446725275063873,3,0.0,5
generalized_inverse,sum,1.0,3.0,1.5,0.5,0.5,A1,True,False,0.7,0.6,A1 > A3 > A4 > A2 > A5,1.0,1,0.250837704373847,4,0.6716587411255033,2,0.5562126740695209,3,0.0,5
generalized_inverse,sum,1.0,3.0,1.5,0.5,0.88,A1,True,False,0.7,0.6,A1 > A3 > A4 > A2 > A5,1.0,1,0.250837704373847,4,0.6716587411255033,2,0.5562126740695209,3,0.0,5
generalized_inverse,sum,1.0,3.0,1.5,0.5,1.0,A1,True,False,0.7,0.6,A1 > A3 > A4 > A2 > A5,1.0,1,0.250837704373847,4,0.6716587411255033,2,0.5562126740695209,3,0.0,5
generalized_inverse,sum,1.0,3.0,1.5,0.88,0.5,A1,True,False,0.7,0.6,A1 > A3 > A4 > A2 > A5,1.0,1,0.14855262519151588,4,0.7587537570140664,2,0.3944348676651892,3,0.0,5
generalized_inverse,sum,1.0,3.0,1.5,0.88,0.88,A1,True,False,0.7,0.6,A1 > A3 > A4 > A2 > A5,1.0,1,0.14855262519151588,4,0.7587537570140664,2,0.3944348676651892,3,0.0,5
generalized_inverse,sum,1.0,3.0,1.5,0.88,1.0,A1,True,False,0.7,0.6,A1 > A3 > A4 > A2 > A5,1.0,1,0.14855262519151588,4,0.7587537570140664,2,0.3944348676651892,3,0.0,5
generalized_inverse,sum,1.0,3.0,1.5,1.0,0.5,A1,True,False,0.7,0.6,A1 > A3 > A4 > A2 > A5,1.0,1,0.12968790744744832,4,0.773855336239703,2,0.34500808991664356,3,0.0,5
generalized_inverse,sum,1.0,3.0,1.5,1.0,0.88,A1,True,False,0.7,0.6,A1 > A3 > A4 > A2 > A5,1.0,1,0.12968790744744832,4,0.773855336239703,2,0.34500808991664356,3,0.0,5
generalized_inverse,sum,1.0,3.0,1.5,1.0,1.0,A1,True,False,0.7,0.6,A1 > A3 > A4 > A2 > A5,1.0,1,0.12968790744744832,4,0.773855336239703,2,0.34500808991664356,3,0.0,5
generalized_inverse,sum,1.0,3.0,2.25,0.5,0.5,A1,True,False,0.7,0.6,A1 > A3 > A4 > A2 > A5,1.0,1,0.25073974146028916,4,0.676726514346477,2,0.5601334834942274,3,0.0,5
generalized_inverse,sum,1.0,3.0,2.25,0.5,0.88,A1,True,False,0.7,0.6,A1 > A3 > A4 > A2 > A5,1.0,1,0.25073974146028916,4,0.676726514346477,2,0.5601334834942274,3,0.0,5
generalized_inverse,sum,1.0,3.0,2.25,0.5,1.0,A1,True,False,0.7,0.6,A1 > A3 > A4 > A2 > A5,1.0,1,0.25073974146028916,4,0.676726514346477,2,0.5601334834942274,3,0.0,5
generalized_inverse,sum,1.0,3.0,2.25,0.88,0.5,A1,True,False,0.7,0.6,A1 > A3 > A4 > A2 > A5,1.0,1,0.14852595156615772,4,0.7593515160246876,2,0.3949016008359892,3,0.0,5
generalized_inverse,sum,1.0,3.0,2.25,0.88,0.88,A1,True,False,0.7,0.6,A1 > A3 > A4 > A2 > A5,1.0,1,0.14852595156615772,4,0.7593515160246876,2,0.3949016008359892,3,0.0,5
generalized_inverse,sum,1.0,3.0,2.25,0.88,1.0,A1,True,False,0.7,0.6,A1 > A3 > A4 > A2 > A5,1.0,1,0.14852595156615772,4,0.7593515160246876,2,0.3949016008359892,3,0.0,5
generalized_inverse,sum,1.0,3.0,2.25,1.0,0.5,A1,True,False,0.7,0.6,A1 > A3 > A4 > A2 > A5,1.0,1,0.12967844934756964,4,0.7741321048272491,2,0.3452320165256542,3,0.0,5
generalized_inverse,sum,1.0,3.0,2.25,1.0,0.88,A1,True,False,0.7,0.6,A1 > A3 > A4 > A2 > A5,1.0,1,0.12967844934756964,4,0.7741321048272491,2,0.3452320165256542,3,0.0,5
generalized_inverse,sum,1.0,3.0,2.25,1.0,1.0,A1,True,False,0.7,0.6,A1 > A3 > A4 > A2 > A5,1.0,1,0.12967844934756964,4,0.7741321048272491,2,0.3452320165256542,3,0.0,5
generalized_inverse,sum,1.0,3.0,3.0,0.5,0.5,A1,True,False,0.7,0.6,A1 > A3 > A4 > A2 > A5,1.0,1,0.2506900257897901,4,0.6792983829697168,2,0.5621232739401321,3,0.0,5
generalized_inverse,sum,1.0,3.0,3.0,0.5,0.88,A1,True,False,0.7,0.6,A1 > A3 > A4 > A2 > A5,1.0,1,0.2506900257897901,4,0.6792983829697168,2,0.5621232739401321,3,0.0,5
generalized_inverse,sum,1.0,3.0,3.0,0.5,1.0,A1,True,False,0.7,0.6,A1 > A3 > A4 > A2 > A5,1.0,1,0.2506900257897901,4,0.6792983829697168,2,0.5621232739401321,3,0.0,5
generalized_inverse,sum,1.0,3.0,3.0,0.88,0.5,A1,True,False,0.7,0.6,A1 > A3 > A4 > A2 > A5,1.0,1,0.1485125976086946,4,0.7596507797465845,2,0.39513526741958654,3,0.0,5
generalized_inverse,sum,1.0,3.0,3.0,0.88,0.88,A1,True,False,0.7,0.6,A1 > A3 > A4 > A2 > A5,1.0,1,0.1485125976086946,4,0.7596507797465845,2,0.39513526741958654,3,0.0,5
generalized_inverse,sum,1.0,3.0,3.0,0.88,1.0,A1,True,False,0.7,0.6,A1 > A3 > A4 > A2 > A5,1.0,1,0.1485125976086946,4,0.7596507797465845,2,0.39513526741958654,3,0.0,5
generalized_inverse,sum,1.0,3.0,3.0,1.0,0.5,A1,True,False,0.7,0.6,A1 > A3 > A4 > A2 > A5,1.0,1,0.12967371752780618,4,0.774270570173287,2,0.34534404540753966,3,0.0,5
generalized_inverse,sum,1.0,3.0,3.0,1.0,0.88,A1,True,False,0.7,0.6,A1 > A3 > A4 > A2 > A5,1.0,1,0.12967371752780618,4,0.774270570173287,2,0.34534404540753966,3,0.0,5
generalized_inverse,sum,1.0,3.0,3.0,1.0,1.0,A1,True,False,0.7,0.6,A1 > A3 > A4 > A2 > A5,1.0,1,0.12967371752780618,4,0.774270570173287,2,0.34534404540753966,3,0.0,5
generalized_inverse,sum,1.0,3.0,5.0,0.5,0.5,A1,True,False,0.7,0.6,A1 > A3 > A4 > A2 > A5,1.0,1,0.25062970723644307,4,0.6824187551419763,2,0.5645374278669403,3,0.0,5
generalized_inverse,sum,1.0,3.0,5.0,0.5,0.88,A1,True,False,0.7,0.6,A1 > A3 > A4 > A2 > A5,1.0,1,0.25062970723644307,4,0.6824187551419763,2,0.5645374278669403,3,0.0,5
generalized_inverse,sum,1.0,3.0,5.0,0.5,1.0,A1,True,False,0.7,0.6,A1 > A3 > A4 > A2 > A5,1.0,1,0.25062970723644307,4,0.6824187551419763,2,0.5645374278669403,3,0.0,5
generalized_inverse,sum,1.0,3.0,5.0,0.88,0.5,A1,True,False,0.7,0.6,A1 > A3 > A4 > A2 > A5,1.0,1,0.1484965577451612,4,0.7600102349322778,2,0.39541593179368756,3,0.0,5
generalized_inverse,sum,1.0,3.0,5.0,0.88,0.88,A1,True,False,0.7,0.6,A1 > A3 > A4 > A2 > A5,1.0,1,0.1484965577451612,4,0.7600102349322778,2,0.39541593179368756,3,0.0,5
generalized_inverse,sum,1.0,3.0,5.0,0.88,1.0,A1,True,False,0.7,0.6,A1 > A3 > A4 > A2 > A5,1.0,1,0.1484965577451612,4,0.7600102349322778,2,0.39541593179368756,3,0.0,5
generalized_inverse,sum,1.0,3.0,5.0,1.0,0.5,A1,True,False,0.7,0.6,A1 > A3 > A4 > A2 > A5,1.0,1,0.12966803690464482,4,0.7744367999730256,2,0.34547853782122756,3,0.0,5
generalized_inverse,sum,1.0,3.0,5.0,1.0,0.88,A1,True,False,0.7,0.6,A1 > A3 > A4 > A2 > A5,1.0,1,0.12966803690464482,4,0.7744367999730256,2,0.34547853782122756,3,0.0,5
generalized_inverse,sum,1.0,3.0,5.0,1.0,1.0,A1,True,False,0.7,0.6,A1 > A3 > A4 > A2 > A5,1.0,1,0.12966803690464482,4,0.7744367999730256,2,0.34547853782122756,3,0.0,5
generalized_inverse,vector,1.0,3.0,1.0,0.5,0.5,A1,True,False,0.7,0.6,A1 > A3 > A4 > A2 > A5,1.0,1,0.24867582353205542,4,0.661794845949499,2,0.5691214546266891,3,0.0,5
generalized_inverse,vector,1.0,3.0,1.0,0.5,0.88,A1,True,False,0.7,0.6,A1 > A3 > A4 > A2 > A5,1.0,1,0.24867582353205542,4,0.661794845949499,2,0.5691214546266891,3,0.0,5
generalized_inverse,vector,1.0,3.0,1.0,0.5,1.0,A1,True,False,0.7,0.6,A1 > A3 > A4 > A2 > A5,1.0,1,0.24867582353205542,4,0.661794845949499,2,0.5691214546266891,3,0.0,5
generalized_inverse,vector,1.0,3.0,1.0,0.88,0.5,A1,True,False,0.7,0.6,A1 > A3 > A4 > A2 > A5,1.0,1,0.1436913797911402,4,0.7615931503718288,2,0.42590082003043184,3,0.0,5
generalized_inverse,vector,1.0,3.0,1.0,0.88,0.88,A1,True,False,0.7,0.6,A1 > A3 > A4 > A2 > A5,1.0,1,0.1436913797911402,4,0.7615931503718288,2,0.42590082003043184,3,0.0,5
generalized_inverse,vector,1.0,3.0,1.0,0.88,1.0,A1,True,False,0.7,0.6,A1 > A3 > A4 > A2 > A5,1.0,1,0.1436913797911402,4,0.7615931503718288,2,0.42590082003043184,3,0.0,5
generalized_inverse,vector,1.0,3.0,1.0,1.0,0.5,A1,True,False,0.7,0.6,A1 > A3 > A4 > A2 > A5,1.0,1,0.12302044629641098,4,0.7784255993342516,2,0.3774483777881266,3,0.0,5
generalized_inverse,vector,1.0,3.0,1.0,1.0,0.88,A1,True,False,0.7,0.6,A1 > A3 > A4 > A2 > A5,1.0,1,0.12302044629641098,4,0.7784255993342516,2,0.3774483777881266,3,0.0,5
generalized_inverse,vector,1.0,3.0,1.0,1.0,1.0,A1,True,False,0.7,0.6,A1 > A3 > A4 > A2 > A5,1.0,1,0.12302044629641098,4,0.7784255993342516,2,0.3774483777881266,3,0.0,5
generalized_inverse,vector,1.0,3.0,1.5,0.5,0.5,A1,True,False,0.7,0.6,A1 > A3 > A4 > A2 > A5,1.0,1,0.24855681067552085,4,0.6695797210997879,2,0.5753992878446279,3,0.0,5
generalized_inverse,vector,1.0,3.0,1.5,0.5,0.88,A1,True,False,0.7,0.6,A1 > A3 > A4 > A2 > A5,1.0,1,0.24855681067552085,4,0.6695797210997879,2,0.5753992878446279,3,0.0,5
generalized_inverse,vector,1.0,3.0,1.5,0.5,1.0,A1,True,False,0.7,0.6,A1 > A3 > A4 > A2 > A5,1.0,1,0.24855681067552085,4,0.6695797210997879,2,0.5753992878446279,3,0.0,5
generalized_inverse,vector,1.0,3.0,1.5,0.88,0.5,A1,True,False,0.7,0.6,A1 > A3 > A4 > A2 > A5,1.0,1,0.1436611696853171,4,0.762602940945609,2,0.42674695001106616,3,0.0,5
generalized_inverse,vector,1.0,3.0,1.5,0.88,0.88,A1,True,False,0.7,0.6,A1 > A3 > A4 > A2 > A5,1.0,1,0.1436611696853171,4,0.762602940945609,2,0.42674695001106616,3,0.0,5
generalized_inverse,vector,1.0,3.0,1.5,0.88,1.0,A1,True,False,0.7,0.6,A1 > A3 > A4 > A2 > A5,1.0,1,0.1436611696853171,4,0.762602940945609,2,0.42674695001106616,3,0.0,5
generalized_inverse,vector,1.0,3.0,1.5,1.0,0.5,A1,True,False,0.7,0.6,A1 > A3 > A4 > A2 > A5,1.0,1,0.123012470737409,4,0.7789056315434351,2,0.3778669156273465,3,0.0,5
generalized_inverse,vector,1.0,3.0,1.5,1.0,0.88,A1,True,False,0.7,0.6,A1 > A3 > A4 > A2 > A5,1.0,1,0.123012470737409,4,0.7789056315434351,2,0.3778669156273465,3,0.0,5
generalized_inverse,vector,1.0,3.0,1.5,1.0,1.0,A1,True,False,0.7,0.6,A1 > A3 > A4 > A2 > A5,1.0,1,0.123012470737409,4,0.7789056315434351,2,0.3778669156273465,3,0.0,5
generalized_inverse,vector,1.0,3.0,2.25,0.5,0.5,A1,True,False,0.7,0.6,A1 > A3 > A4 > A2 > A5,1.0,1,0.2484754301409923,4,0.6749029888493052,2,0.5796920461048116,3,0.0,5
generalized_inverse,vector,1.0,3.0,2.25,0.5,0.88,A1,True,False,0.7,0.6,A1 > A3 > A4 > A2 > A5,1.0,1,0.2484754301409923,4,0.6749029888493052,2,0.5796920461048116,3,0.0,5
generalized_inverse,vector,1.0,3.0,2.25,0.5,1.0,A1,True,False,0.7,0.6,A1 > A3 > A4 > A2 > A5,1.0,1,0.2484754301409923,4,0.6749029888493052,2,0.5796920461048116,3,0.0,5
generalized_inverse,vector,1.0,3.0,2.25,0.88,0.5,A1,True,False,0.7,0.6,A1 > A3 > A4 > A2 > A5,1.0,1,0.14364098160668562,4,0.7632777393598912,2,0.42731238128368315,3,0.0,5
generalized_inverse,vector,1.0,3.0,2.25,0.88,0.88,A1,True,False,0.7,0.6,A1 > A3 > A4 > A2 > A5,1.0,1,0.14364098160668562,4,0.7632777393598912,2,0.42731238128368315,3,0.0,5
generalized_inverse,vector,1.0,3.0,2.25,0.88,1.0,A1,True,False,0.7,0.6,A1 > A3 > A4 > A2 > A5,1.0,1,0.14364098160668562,4,0.7632777393598912,2,0.42731238128368315,3,0.0,5
generalized_inverse,vector,1.0,3.0,2.25,1.0,0.5,A1,True,False,0.7,0.6,A1 > A3 > A4 > A2 > A5,1.0,1,0.12300714774831534,4,0.7792260111197916,2,0.3781462530823199,3,0.0,5
generalized_inverse,vector,1.0,3.0,2.25,1.0,0.88,A1,True,False,0.7,0.6,A1 > A3 > A4 > A2 > A5,1.0,1,0.12300714774831534,4,0.7792260111197916,2,0.3781462530823199,3,0.0,5
generalized_inverse,vector,1.0,3.0,2.25,1.0,1.0,A1,True,False,0.7,0.6,A1 > A3 > A4 > A2 > A5,1.0,1,0.12300714774831534,4,0.7792260111197916,2,0.3781462530823199,3,0.0,5
generalized_inverse,vector,1.0,3.0,3.0,0.5,0.5,A1,True,False,0.7,0.6,A1 > A3 > A4 > A2 > A5,1.0,1,0.2484341093300902,4,0.6776058678772255,2,0.5818716859086586,3,0.0,5
generalized_inverse,vector,1.0,3.0,3.0,0.5,0.88,A1,True,False,0.7,0.6,A1 > A3 > A4 > A2 > A5,1.0,1,0.2484341093300902,4,0.6776058678772255,2,0.5818716859086586,3,0.0,5
generalized_inverse,vector,1.0,3.0,3.0,0.5,1.0,A1,True,False,0.7,0.6,A1 > A3 > A4 > A2 > A5,1.0,1,0.2484341093300902,4,0.6776058678772255,2,0.5818716859086586,3,0.0,5
generalized_inverse,vector,1.0,3.0,3.0,0.88,0.5,A1,True,False,0.7,0.6,A1 > A3 > A4 > A2 > A5,1.0,1,0.14363087312372813,4,0.7636156213542664,2,0.42759550146006525,3,0.0,5
generalized_inverse,vector,1.0,3.0,3.0,0.88,0.88,A1,True,False,0.7,0.6,A1 > A3 > A4 > A2 > A5,1.0,1,0.14363087312372813,4,0.7636156213542664,2,0.42759550146006525,3,0.0,5
generalized_inverse,vector,1.0,3.0,3.0,0.88,1.0,A1,True,False,0.7,0.6,A1 > A3 > A4 > A2 > A5,1.0,1,0.14363087312372813,4,0.7636156213542664,2,0.42759550146006525,3,0.0,5
generalized_inverse,vector,1.0,3.0,3.0,1.0,0.5,A1,True,False,0.7,0.6,A1 > A3 > A4 > A2 > A5,1.0,1,0.12300448446644319,4,0.7793863084833307,2,0.3782860156042607,3,0.0,5
generalized_inverse,vector,1.0,3.0,3.0,1.0,0.88,A1,True,False,0.7,0.6,A1 > A3 > A4 > A2 > A5,1.0,1,0.12300448446644319,4,0.7793863084833307,2,0.3782860156042607,3,0.0,5
generalized_inverse,vector,1.0,3.0,3.0,1.0,1.0,A1,True,False,0.7,0.6,A1 > A3 > A4 > A2 > A5,1.0,1,0.12300448446644319,4,0.7793863084833307,2,0.3782860156042607,3,0.0,5
generalized_inverse,vector,1.0,3.0,5.0,0.5,0.5,A1,True,False,0.7,0.6,A1 > A3 > A4 > A2 > A5,1.0,1,0.24838395736563218,4,0.6808864107800254,2,0.5845171620159159,3,0.0,5
generalized_inverse,vector,1.0,3.0,5.0,0.5,0.88,A1,True,False,0.7,0.6,A1 > A3 > A4 > A2 > A5,1.0,1,0.24838395736563218,4,0.6808864107800254,2,0.5845171620159159,3,0.0,5
generalized_inverse,vector,1.0,3.0,5.0,0.5,1.0,A1,True,False,0.7,0.6,A1 > A3 > A4 > A2 > A5,1.0,1,0.24838395736563218,4,0.6808864107800254,2,0.5845171620159159,3,0.0,5
generalized_inverse,vector,1.0,3.0,5.0,0.88,0.5,A1,True,False,0.7,0.6,A1 > A3 > A4 > A2 > A5,1.0,1,0.14361873020829716,4,0.7640215054518658,2,0.4279356023805521,3,0.0,5
generalized_inverse,vector,1.0,3.0,5.0,0.88,0.88,A1,True,False,0.7,0.6,A1 > A3 > A4 > A2 > A5,1.0,1,0.14361873020829716,4,0.7640215054518658,2,0.4279356023805521,3,0.0,5
generalized_inverse,vector,1.0,3.0,5.0,0.88,1.0,A1,True,False,0.7,0.6,A1 > A3 > A4 > A2 > A5,1.0,1,0.14361873020829716,4,0.7640215054518658,2,0.4279356023805521,3,0.0,5
generalized_inverse,vector,1.0,3.0,5.0,1.0,0.5,A1,True,False,0.7,0.6,A1 > A3 > A4 > A2 > A5,1.0,1,0.1230012869538717,4,0.7795787600749213,2,0.37845381324733113,3,0.0,5
generalized_inverse,vector,1.0,3.0,5.0,1.0,0.88,A1,True,False,0.7,0.6,A1 > A3 > A4 > A2 > A5,1.0,1,0.1230012869538717,4,0.7795787600749213,2,0.37845381324733113,3,0.0,5
generalized_inverse,vector,1.0,3.0,5.0,1.0,1.0,A1,True,False,0.7,0.6,A1 > A3 > A4 > A2 > A5,1.0,1,0.1230012869538717,4,0.7795787600749213,2,0.37845381324733113,3,0.0,5
generalized_monotone,max,1.0,3.0,1.0,0.5,0.5,A1,True,True,1.0,1.0,A1 > A2 > A3 > A4 > A5,1.0,1,0.4125580073336691,2,0.33258760110997215,3,0.15598783108552594,4,0.0,5
generalized_monotone,max,1.0,3.0,1.0,0.5,0.88,A1,True,True,1.0,1.0,A1 > A2 > A3 > A4 > A5,1.0,1,0.41246859796459606,2,0.31633388251087674,3,0.13959493454414287,4,0.0,5
generalized_monotone,max,1.0,3.0,1.0,0.5,1.0,A1,True,True,1.0,1.0,A1 > A2 > A3 > A4 > A5,1.0,1,0.4126435948523071,2,0.31432478980318557,3,0.1345330216298325,4,0.0,5
generalized_monotone,max,1.0,3.0,1.0,0.88,0.5,A1,True,True,1.0,1.0,A1 > A2 > A3 > A4 > A5,1.0,1,0.39030005994252015,2,0.3048859344881625,3,0.13169345300864813,4,0.0,5
generalized_monotone,max,1.0,3.0,1.0,0.88,0.88,A1,True,True,1.0,1.0,A1 > A2 > A3 > A4 > A5,1.0,1,0.3835529563875476,2,0.2755852441862508,3,0.10322767187284272,4,0.0,5
generalized_monotone,max,1.0,3.0,1.0,0.88,1.0,A1,True,True,1.0,1.0,A1 > A2 > A3 > A4 > A5,1.0,1,0.3818078647206448,2,0.27015958287431197,3,0.09408659207080865,4,0.0,5
generalized_monotone,max,1.0,3.0,1.0,1.0,0.5,A1,True,True,1.0,1.0,A1 > A2 > A3 > A4 > A5,1.0,1,0.3948074317139838,2,0.30232986303639825,3,0.13562047535184607,4,0.0,5
generalized_monotone,max,1.0,3.0,1.0,1.0,0.88,A1,True,True,1.0,1.0,A1 > A2 > A3 > A4 > A5,1.0,1,0.3890006014994231,2,0.2700280252169581,3,0.1062911554409031,4,0.0,5
generalized_monotone,max,1.0,3.0,1.0,1.0,1.0,A1,True,True,1.0,1.0,A1 > A2 > A3 > A4 > A5,1.0,1,0.3875178075312835,2,0.2637583546003659,3,0.09664483742724116,4,0.0,5
generalized_monotone,max,1.0,3.0,1.5,0.5,0.5,A1,True,True,1.0,1.0,A1 > A2 > A3 > A4 > A5,1.0,1,0.4518823152573204,2,0.3473842602363917,3,0.20181819695005854,4,0.0,5
generalized_monotone,max,1.0,3.0,1.5,0.5,0.88,A1,True,True,1.0,1.0,A1 > A2 > A3 > A4 > A5,1.0,1,0.46343382530782246,2,0.3308148718353719,3,0.19427647168642528,4,0.0,5
generalized_monotone,max,1.0,3.0,1.5,0.5,1.0,A1,True,True,1.0,1.0,A1 > A2 > A3 > A4 > A5,1.0,1,0.4671287780209315,2,0.329169345518294,3,0.1913680134281448,4,0.0,5
generalized_monotone,max,1.0,3.0,1.5,0.88,0.5,A1,True,True,1.0,1.0,A1 > A2 > A3 > A4 > A5,1.0,1,0.44145512835916223,2,0.32833386965921185,3,0.19095424347297857,4,0.0,5
generalized_monotone,max,1.0,3.0,1.5,0.88,0.88,A1,True,True,1.0,1.0,A1 > A2 > A3 > A4 > A5,1.0,1,0.4519723473394711,2,0.30070234258723005,3,0.17756845203230187,4,0.0,5
generalized_monotone,max,1.0,3.0,1.5,0.88,1.0,A1,True,True,1.0,1.0,A1 > A2 > A3 > A4 > A5,1.0,1,0.4556587528313076,2,0.29603250870153014,3,0.17245434461876996,4,0.0,5
generalized_monotone,max,1.0,3.0,1.5,1.0,0.5,A1,True,True,1.0,1.0,A1 > A2 > A3 > A4 > A5,1.0,1,0.447172476047273,2,0.32738062982888644,3,0.19657655097187826,4,0.0,5
generalized_monotone,max,1.0,3.0,1.5,1.0,0.88,A1,True,True,1.0,1.0,A1 > A2 > A3 > A4 > A5,1.0,1,0.4605654666697369,2,0.29769856755397417,3,0.18457817956470252,4,0.0,5
generalized_monotone,max,1.0,3.0,1.5,1.0,1.0,A1,True,True,1.0,1.0,A1 > A2 > A3 > A4 > A5,1.0,1,0.4652840427099609,2,0.292443836227565,3,0.17976780400612163,4,0.0,5
generalized_monotone,max,1.0,3.0,2.25,0.5,0.5,A1,True,True,1.0,1.0,A1 > A2 > A3 > A4 > A5,1.0,1,0.48955987538314943,2,0.36156129330661035,3,0.24572936682499247,4,0.0,5
generalized_monotone,max,1.0,3.0,2.25,0.5,0.88,A1,True,True,1.0,1.0,A1 > A2 > A3 > A4 > A5,1.0,1,0.5177257850459789,2,0.3462411012540984,3,0.2525273216817775,4,0.0,5
generalized_monotone,max,1.0,3.0,2.25,0.5,1.0,A1,True,True,1.0,1.0,A1 > A2 > A3 > A4 > A5,1.0,1,0.527030874447259,2,0.3454897459673557,3,0.25385353630058255,4,0.0,5
generalized_monotone,max,1.0,3.0,2.25,0.88,0.5,A1,True,True,1.0,1.0,A1 > A2 > A3 > A4 > A5,1.0,1,0.4867498332711586,2,0.34909559156168496,3,0.2434260727562769,4,0.0,5
generalized_monotone,max,1.0,3.0,2.25,0.88,0.88,A1,True,True,1.0,1.0,A1 > A2 > A3 > A4 > A5,1.0,1,0.5191183276718585,2,0.32535196562207774,3,0.2505256136356387,4,0.0,5
generalized_monotone,max,1.0,3.0,2.25,0.88,1.0,A1,True,True,1.0,1.0,A1 > A2 > A3 > A4 > A5,1.0,1,0.530550235483128,2,0.3222699965004234,3,0.2519263365007527,4,0.0,5
generalized_monotone,max,1.0,3.0,2.25,1.0,0.5,A1,True,True,1.0,1.0,A1 > A2 > A3 > A4 > A5,1.0,1,0.4924907284484824,2,0.3490603015793811,3,0.24932973499963823,4,0.0,5
generalized_monotone,max,1.0,3.0,2.25,1.0,0.88,A1,True,True,1.0,1.0,A1 > A2 > A3 > A4 > A5,1.0,1,0.5290347804200354,2,0.32417221548728953,3,0.25947888404521763,4,0.0,5
generalized_monotone,max,1.0,3.0,2.25,1.0,1.0,A1,True,True,1.0,1.0,A1 > A2 > A3 > A4 > A5,1.0,1,0.5421540542666057,2,0.3207987295707276,3,0.26193281285424375,4,0.0,5
generalized_monotone,max,1.0,3.0,3.0,0.5,0.5,A1,True,True,1.0,1.0,A1 > A2 > A3 > A4 > A5,1.0,1,0.5138137666970658,2,0.37068736776818817,3,0.2739959726788964,4,0.0,5
generalized_monotone,max,1.0,3.0,3.0,0.5,0.88,A1,True,True,1.0,1.0,A1 > A2 > A3 > A4 > A5,1.0,1,0.5559330398079415,2,0.35709710793096805,3,0.293520593551261,4,0.0,5
generalized_monotone,max,1.0,3.0,3.0,0.5,1.0,A1,True,True,1.0,1.0,A1 > A2 > A3 > A4 > A5,1.0,1,0.5703876004663463,2,0.3573023397329515,3,0.29908012863982797,4,0.0,5
generalized_monotone,max,1.0,3.0,3.0,0.88,0.5,A1,True,True,1.0,1.0,A1 > A2 > A3 > A4 > A5,1.0,1,0.5141695629222056,2,0.3616639657847225,3,0.2751905665539361,4,0.0,5
generalized_monotone,max,1.0,3.0,3.0,0.88,0.88,A1,True,True,1.0,1.0,A1 > A2 > A3 > A4 > A5,1.0,1,0.5631923119063207,2,0.34153174424241184,3,0.2984140021047488,4,0.0,5
generalized_monotone,max,1.0,3.0,3.0,0.88,1.0,A1,True,True,1.0,1.0,A1 > A2 > A3 > A4 > A5,1.0,1,0.5810669110107564,2,0.3399680124945633,3,0.30553271048724584,4,0.0,5
generalized_monotone,max,1.0,3.0,3.0,1.0,0.5,A1,True,True,1.0,1.0,A1 > A2 > A3 > A4 > A5,1.0,1,0.5194602933456388,2,0.36196219614159103,3,0.28072393810289664,4,0.0,5
generalized_monotone,max,1.0,3.0,3.0,1.0,0.88,A1,True,True,1.0,1.0,A1 > A2 > A3 > A4 > A5,1.0,1,0.5730590132303489,2,0.3411941772409147,3,0.30763835682352203,4,0.0,5
generalized_monotone,max,1.0,3.0,3.0,1.0,1.0,A1,True,True,1.0,1.0,A1 > A2 > A3 > A4 > A5,1.0,1,0.592910448166141,2,0.3395211429847592,3,0.3161854332116758,4,0.0,5
generalized_monotone,max,1.0,3.0,5.0,0.5,0.5,A1,True,True,1.0,1.0,A1 > A2 > A3 > A4 > A5,1.0,1,0.5498505331053294,2,0.3842470151393953,3,0.31599488572453643,4,0.0,5
generalized_monotone,max,1.0,3.0,5.0,0.5,0.88,A1,True,True,1.0,1.0,A1 > A2 > A3 > A4 > A5,1.0,1,0.6181498077791499,2,0.3747750503195721,3,0.3602741171994304,4,0.0,5
generalized_monotone,max,1.0,3.0,5.0,0.5,1.0,A1,True,True,1.0,1.0,A1 > A2 > A3 > A4 > A5,1.0,1,0.6432169966951734,2,0.3771447990428636,3,0.37505047317424894,4,0.0,5
generalized_monotone,max,1.0,3.0,5.0,0.88,0.5,A1,True,True,1.0,1.0,A1 > A2 > A3 > A4 > A5,1.0,1,0.5526259527254499,2,0.37929121100067725,3,0.31974052276909115,4,0.0,5
generalized_monotone,max,1.0,3.0,5.0,0.88,0.88,A1,True,False,0.9,0.8,A1 > A2 > A4 > A3 > A5,1.0,1,0.6299471543110161,2,0.36603777860040215,4,0.37094617455968776,3,0.0,5
generalized_monotone,max,1.0,3.0,5.0,0.88,1.0,A1,True,False,0.9,0.8,A1 > A2 > A4 > A3 > A5,1.0,1,0.6597226634611972,2,0.36752427486455486,4,0.3889992022547278,3,0.0,5
generalized_monotone,max,1.0,3.0,5.0,1.0,0.5,A1,True,True,1.0,1.0,A1 > A2 > A3 > A4 > A5,1.0,1,0.5567103639245917,2,0.3797821530032311,3,0.32408527099149925,4,0.0,5
generalized_monotone,max,1.0,3.0,5.0,1.0,0.88,A1,True,False,0.9,0.8,A1 > A2 > A4 > A3 > A5,1.0,1,0.6383971896042294,2,0.36645717146684187,4,0.37911381308007747,3,0.0,5
generalized_monotone,max,1.0,3.0,5.0,1.0,1.0,A1,True,False,0.9,0.8,A1 > A2 > A4 > A3 > A5,1.0,1,0.6702430931330813,2,0.36804668702434135,4,0.398844942808277,3,0.0,5
generalized_monotone,max_min,1.0,3.0,1.0,0.5,0.5,A1,True,True,1.0,1.0,A1 > A2 > A3 > A4 > A5,1.0,1,0.46796545139498025,2,0.4298622763407961,3,0.17622584492182838,4,0.0,5
generalized_monotone,max_min,1.0,3.0,1.0,0.5,0.88,A1,True,True,1.0,1.0,A1 > A2 > A3 > A4 > A5,1.0,1,0.5046617576903762,2,0.45017063126398316,3,0.1949625786826362,4,0.0,5
generalized_monotone,max_min,1.0,3.0,1.0,0.5,1.0,A1,True,True,1.0,1.0,A1 > A2 > A3 > A4 > A5,1.0,1,0.5169706118921089,2,0.4564416861054097,3,0.20154069531663807,4,0.0,5
generalized_monotone,max_min,1.0,3.0,1.0,0.88,0.5,A1,True,False,0.9,0.8,A1 > A3 > A2 > A4 > A5,1.0,1,0.40624272355410185,3,0.42670142522688503,2,0.11552765961505329,4,0.0,5
generalized_monotone,max_min,1.0,3.0,1.0,0.88,0.88,A1,True,False,0.9,0.8,A1 > A3 > A2 > A4 > A5,1.0,1,0.4409415342975883,3,0.4477334165904689,2,0.13152246768036296,4,0.0,5
generalized_monotone,max_min,1.0,3.0,1.0,0.88,1.0,A1,True,False,0.9,0.8,A1 > A3 > A2 > A4 > A5,1.0,1,0.4527602493881269,3,0.45424995872808993,2,0.13735399737730972,4,0.0,5
generalized_monotone,max_min,1.0,3.0,1.0,1.0,0.5,A1,True,False,0.9,0.8,A1 > A3 > A2 > A4 > A5,1.0,1,0.3925645446610538,3,0.429979860092207,2,0.10419671399007134,4,0.0,5
generalized_monotone,max_min,1.0,3.0,1.0,1.0,0.88,A1,True,False,0.9,0.8,A1 > A3 > A2 > A4 > A5,1.0,1,0.42689193932166547,3,0.4514781687245306,2,0.1197199397932699,4,0.0,5
generalized_monotone,max_min,1.0,3.0,1.0,1.0,1.0,A1,True,False,0.9,0.8,A1 > A3 > A2 > A4 > A5,1.0,1,0.43863039428597933,3,0.4581424502956985,2,0.12543049776066245,4,0.0,5
generalized_monotone,max_min,1.0,3.0,1.5,0.5,0.5,A1,True,True,1.0,1.0,A1 > A2 > A3 > A4 > A5,1.0,1,0.5036943917885488,2,0.45193889361030004,3,0.21689806204637396,4,0.0,5
generalized_monotone,max_min,1.0,3.0,1.5,0.5,0.88,A1,True,True,1.0,1.0,A1 > A2 > A3 > A4 > A5,1.0,1,0.550679455570462,2,0.4780991150244901,3,0.24242547869770015,4,0.0,5
generalized_monotone,max_min,1.0,3.0,1.5,0.5,1.0,A1,True,True,1.0,1.0,A1 > A2 > A3 > A4 > A5,1.0,1,0.5665524042327885,2,0.48627210877888244,3,0.25134761349262885,4,0.0,5
generalized_monotone,max_min,1.0,3.0,1.5,0.88,0.5,A1,True,True,1.0,1.0,A1 > A2 > A3 > A4 > A5,1.0,1,0.4559327060660154,2,0.4501726738128733,3,0.1701150304297593,4,0.0,5
generalized_monotone,max_min,1.0,3.0,1.5,0.88,0.88,A1,True,True,1.0,1.0,A1 > A2 > A3 > A4 > A5,1.0,1,0.5012156535733461,2,0.4771480254991557,3,0.19323835090465447,4,0.0,5
generalized_monotone,max_min,1.0,3.0,1.5,0.88,1.0,A1,True,True,1.0,1.0,A1 > A2 > A3 > A4 > A5,1.0,1,0.5166857055502101,2,0.48560177698039986,3,0.2015082182756964,4,0.0,5
generalized_monotone,max_min,1.0,3.0,1.5,1.0,0.5,A1,True,False,0.9,0.8,A1 > A3 > A2 > A4 > A5,1.0,1,0.4455866839866418,3,0.4529920483280098,2,0.16167328247846327,4,0.0,5
generalized_monotone,max_min,1.0,3.0,1.5,1.0,0.88,A1,True,True,1.0,1.0,A1 > A2 > A3 > A4 > A5,1.0,1,0.490593266891554,2,0.48044714753637124,3,0.18442888902524704,4,0.0,5
generalized_monotone,max_min,1.0,3.0,1.5,1.0,1.0,A1,True,True,1.0,1.0,A1 > A2 > A3 > A4 > A5,1.0,1,0.5060119242018596,2,0.4890559952557601,3,0.19260828173760494,4,0.0,5
generalized_monotone,max_min,1.0,3.0,2.25,0.5,0.5,A1,True,True,1.0,1.0,A1 > A2 > A3 > A4 > A5,1.0,1,0.5366716062942294,2,0.47231524217358656,3,0.2544378383107489,4,0.0,5
generalized_monotone,max_min,1.0,3.0,2.25,0.5,0.88,A1,True,True,1.0,1.0,A1 > A2 > A3 > A4 > A5,1.0,1,0.5940957506715503,2,0.5044487880531545,3,0.2872052779561767,4,0.0,5
generalized_monotone,max_min,1.0,3.0,2.25,0.5,1.0,A1,True,True,1.0,1.0,A1 > A2 > A3 > A4 > A5,1.0,1,0.6136396986046667,2,0.5146017400276286,3,0.29864870744652233,4,0.0,5
generalized_monotone,max_min,1.0,3.0,2.25,0.88,0.5,A1,True,True,1.0,1.0,A1 > A2 > A3 > A4 > A5,1.0,1,0.5010610697108697,2,0.471489224711906,3,0.2196911943970522,4,0.0,5
generalized_monotone,max_min,1.0,3.0,2.25,0.88,0.88,A1,True,True,1.0,1.0,A1 > A2 > A3 > A4 > A5,1.0,1,0.5571523411742154,2,0.5044459073960169,3,0.2505130505835495,4,0.0,5
generalized_monotone,max_min,1.0,3.0,2.25,0.88,1.0,A1,True,True,1.0,1.0,A1 > A2 > A3 > A4 > A5,1.0,1,0.5763970567615659,2,0.5148868152604811,3,0.26143325355493807,4,0.0,5
generalized_monotone,max_min,1.0,3.0,2.25,1.0,0.5,A1,True,True,1.0,1.0,A1 > A2 > A3 > A4 > A5,1.0,1,0.49351194012613664,2,0.4737921335293792,3,0.21362477485244333,4,0.0,5
generalized_monotone,max_min,1.0,3.0,2.25,1.0,0.88,A1,True,True,1.0,1.0,A1 > A2 > A3 > A4 > A5,1.0,1,0.5494221595076794,2,0.507200325354382,3,0.24418833158150752,4,0.0,5
generalized_monotone,max_min,1.0,3.0,2.25,1.0,1.0,A1,True,True,1.0,1.0,A1 > A2 > A3 > A4 > A5,1.0,1,0.5686426720939991,2,0.5177899590476631,3,0.2550496489411257,4,0.0,5
generalized_monotone,max_min,1.0,3.0,3.0,0.5,0.5,A1,True,True,1.0,1.0,A1 > A2 > A3 > A4 > A5,1.0,1,0.5572807344698038,2,0.48504945231188107,3,0.27789834194369306,4,0.0,5
generalized_monotone,max_min,1.0,3.0,3.0,0.5,0.88,A1,True,True,1.0,1.0,A1 > A2 > A3 > A4 > A5,1.0,1,0.6217016412060795,2,0.5212030087335762,3,0.3156781412810967,4,0.0,5
generalized_monotone,max_min,1.0,3.0,3.0,0.5,1.0,A1,True,True,1.0,1.0,A1 > A2 > A3 > A4 > A5,1.0,1,0.6437368257212459,2,0.5327093956963848,3,0.32888249039103196,4,0.0,5
generalized_monotone,max_min,1.0,3.0,3.0,0.88,0.5,A1,True,True,1.0,1.0,A1 > A2 > A3 > A4 > A5,1.0,1,0.5289133978863655,2,0.4846453758163838,3,0.2502886164388922,4,0.0,5
generalized_monotone,max_min,1.0,3.0,3.0,0.88,0.88,A1,True,True,1.0,1.0,A1 > A2 > A3 > A4 > A5,1.0,1,0.5922595727042395,2,0.5215787248926587,3,0.28646005117799156,4,0.0,5
generalized_monotone,max_min,1.0,3.0,3.0,0.88,1.0,A1,True,True,1.0,1.0,A1 > A2 > A3 > A4 > A5,1.0,1,0.6140648101898981,2,0.5333607164316135,3,0.29923580545319967,4,0.0,5
generalized_monotone,max_min,1.0,3.0,3.0,1.0,0.5,A1,True,True,1.0,1.0,A1 > A2 > A3 > A4 > A5,1.0,1,0.5229821673328836,2,0.4865825343781479,3,0.24557081765572983,4,0.0,5
generalized_monotone,max_min,1.0,3.0,3.0,1.0,0.88,A1,True,True,1.0,1.0,A1 > A2 > A3 > A4 > A5,1.0,1,0.5862037133879671,2,0.5239271989639723,3,0.2815516926527742,4,0.0,5
generalized_monotone,max_min,1.0,3.0,3.0,1.0,1.0,A1,True,True,1.0,1.0,A1 > A2 > A3 > A4 > A5,1.0,1,0.6079995998230283,2,0.5358462744260781,3,0.2942875705537332,4,0.0,5
generalized_monotone,max_min,1.0,3.0,5.0,0.5,0.5,A1,True,True,1.0,1.0,A1 > A2 > A3 > A4 > A5,1.0,1,0.5870472606509224,2,0.5034419430688002,3,0.31178321517379454,4,0.0,5
generalized_monotone,max_min,1.0,3.0,5.0,0.5,0.88,A1,True,True,1.0,1.0,A1 > A2 > A3 > A4 > A5,1.0,1,0.662233463616178,2,0.5458020737914144,3,0.3574828799599375,4,0.0,5
generalized_monotone,max_min,1.0,3.0,5.0,0.5,1.0,A1,True,True,1.0,1.0,A1 > A2 > A3 > A4 > A5,1.0,1,0.6881494250559196,2,0.5594298216357657,3,0.37349674487070006,4,0.0,5
generalized_monotone,max_min,1.0,3.0,5.0,0.88,0.5,A1,True,True,1.0,1.0,A1 > A2 > A3 > A4 > A5,1.0,1,0.5686745559894707,2,0.5034267071577864,3,0.2939685891753682,4,0.0,5
generalized_monotone,max_min,1.0,3.0,5.0,0.88,0.88,A1,True,True,1.0,1.0,A1 > A2 > A3 > A4 > A5,1.0,1,0.6431706839379286,2,0.5464240555924623,3,0.3385889621180637,4,0.0,5
generalized_monotone,max_min,1.0,3.0,5.0,0.88,1.0,A1,True,True,1.0,1.0,A1 > A2 > A3 > A4 > A5,1.0,1,0.6689534929002154,2,0.5602805087609688,3,0.3543209137470034,4,0.0,5
generalized_monotone,max_min,1.0,3.0,5.0,1.0,0.5,A1,True,True,1.0,1.0,A1 > A2 > A3 > A4 > A5,1.0,1,0.5649105794975708,2,0.5047799237221963,3,0.2910216667547245,4,0.0,5
generalized_monotone,max_min,1.0,3.0,5.0,1.0,0.88,A1,True,True,1.0,1.0,A1 > A2 > A3 > A4 > A5,1.0,1,0.6393509629100801,2,0.5480965782225841,3,0.3355396204141303,4,0.0,5
generalized_monotone,max_min,1.0,3.0,5.0,1.0,1.0,A1,True,True,1.0,1.0,A1 > A2 > A3 > A4 > A5,1.0,1,0.665139810417948,2,0.5620612694174154,3,0.35125500255675535,4,0.0,5
generalized_monotone,sum,1.0,3.0,1.0,0.5,0.5,A1,True,True,1.0,1.0,A1 > A2 > A3 > A4 > A5,1.0,1,0.4429011098132113,2,0.29266014937335727,3,0.17336655749685426,4,0.0,5
generalized_monotone,sum,1.0,3.0,1.0,0.5,0.88,A1,True,True,1.0,1.0,A1 > A2 > A3 > A4 > A5,1.0,1,0.3960172875394012,2,0.2556708069352571,3,0.10273203982048001,4,0.0,5
generalized_monotone,sum,1.0,3.0,1.0,0.5,1.0,A1,True,True,1.0,1.0,A1 > A2 > A3 > A4 > A5,1.0,1,0.3801754121506479,2,0.25019238700767055,3,0.0821306235760391,4,0.0,5
generalized_monotone,sum,1.0,3.0,1.0,0.88,0.5,A1,True,True,1.0,1.0,A1 > A2 > A3 > A4 > A5,1.0,1,0.49381391663582286,2,0.2825448403293239,3,0.2229290496237301,4,0.0,5
generalized_monotone,sum,1.0,3.0,1.0,0.88,0.88,A1,True,True,1.0,1.0,A1 > A2 > A3 > A4 > A5,1.0,1,0.4457071993254986,2,0.20690027399562633,3,0.13010753598583213,4,0.0,5
generalized_monotone,sum,1.0,3.0,1.0,0.88,1.0,A1,True,True,1.0,1.0,A1 > A2 > A3 > A4 > A5,1.0,1,0.42116845396123553,2,0.1900549265402467,3,0.09347595026852884,4,0.0,5
generalized_monotone,sum,1.0,3.0,1.0,1.0,0.5,A1,True,True,1.0,1.0,A1 > A2 > A3 > A4 > A5,1.0,1,0.5186350236911184,2,0.2893360820957388,3,0.2494525346129268,4,0.0,5
generalized_monotone,sum,1.0,3.0,1.0,1.0,0.88,A1,True,True,1.0,1.0,A1 > A2 > A3 > A4 > A5,1.0,1,0.4843552080671797,2,0.20735523566697847,3,0.1646987507699876,4,0.0,5
generalized_monotone,sum,1.0,3.0,1.0,1.0,1.0,A1,True,True,1.0,1.0,A1 > A2 > A3 > A4 > A5,1.0,1,0.461055758072767,2,0.18743986317003777,3,0.12644348535459554,4,0.0,5
generalized_monotone,sum,1.0,3.0,1.5,0.5,0.5,A1,True,True,1.0,1.0,A1 > A2 > A3 > A4 > A5,1.0,1,0.4824118972519655,2,0.3078062409449069,3,0.22089758072116666,4,0.0,5
generalized_monotone,sum,1.0,3.0,1.5,0.5,0.88,A1,True,True,1.0,1.0,A1 > A2 > A3 > A4 > A5,1.0,1,0.44091115536897585,2,0.26626418530336315,3,0.15178667781196212,4,0.0,5
generalized_monotone,sum,1.0,3.0,1.5,0.5,1.0,A1,True,True,1.0,1.0,A1 > A2 > A3 > A4 > A5,1.0,1,0.42309423436638055,2,0.2596598759045992,3,0.12777923681105344,4,0.0,5
generalized_monotone,sum,1.0,3.0,1.5,0.88,0.5,A1,True,True,1.0,1.0,A1 > A2 > A3 > A4 > A5,1.0,1,0.5348427914452837,2,0.30567337133637135,3,0.27520458683173543,4,0.0,5
generalized_monotone,sum,1.0,3.0,1.5,0.88,0.88,A1,True,True,1.0,1.0,A1 > A2 > A3 > A4 > A5,1.0,1,0.5132881578000075,2,0.23324739492645954,3,0.20857993044355874,4,0.0,5
generalized_monotone,sum,1.0,3.0,1.5,0.88,1.0,A1,True,True,1.0,1.0,A1 > A2 > A3 > A4 > A5,1.0,1,0.49281940422976295,2,0.2159402299527273,3,0.17438382182085013,4,0.0,5
generalized_monotone,sum,1.0,3.0,1.5,1.0,0.5,A1,True,True,1.0,1.0,A1 > A2 > A3 > A4 > A5,1.0,1,0.5556791206823971,2,0.31213101042254193,3,0.2980060632435626,4,0.0,5
generalized_monotone,sum,1.0,3.0,1.5,1.0,0.88,A1,True,False,0.9,0.8,A1 > A2 > A4 > A3 > A5,1.0,1,0.5532428397293186,2,0.23705171389194973,4,0.24668738128066267,3,0.0,5
generalized_monotone,sum,1.0,3.0,1.5,1.0,1.0,A1,True,True,1.0,1.0,A1 > A2 > A3 > A4 > A5,1.0,1,0.537097204936157,2,0.21777632492761975,3,0.21434073811479504,4,0.0,5
generalized_monotone,sum,1.0,3.0,2.25,0.5,0.5,A1,True,True,1.0,1.0,A1 > A2 > A3 > A4 > A5,1.0,1,0.5203486189236756,2,0.3223489290969664,3,0.2665350209171492,4,0.0,5
generalized_monotone,sum,1.0,3.0,2.25,0.5,0.88,A1,True,True,1.0,1.0,A1 > A2 > A3 > A4 > A5,1.0,1,0.4934360885317607,2,0.27865822746665186,3,0.20917962937515613,4,0.0,5
generalized_monotone,sum,1.0,3.0,2.25,0.5,1.0,A1,True,True,1.0,1.0,A1 > A2 > A3 > A4 > A5,1.0,1,0.47590448462217927,2,0.27130932088302007,3,0.18394840838462947,4,0.0,5
generalized_monotone,sum,1.0,3.0,2.25,0.88,0.5,A1,True,True,1.0,1.0,A1 > A2 > A3 > A4 > A5,1.0,1,0.568432665616236,2,0.32460843718678917,3,0.3180019758703189,4,0.0,5
generalized_monotone,sum,1.0,3.0,2.25,0.88,0.88,A1,True,False,0.9,0.8,A1 > A2 > A4 > A3 > A5,1.0,1,0.5800224472224257,2,0.25926443335465643,4,0.28606920555331317,3,0.0,5
generalized_monotone,sum,1.0,3.0,2.25,0.88,1.0,A1,True,False,0.9,0.8,A1 > A2 > A4 > A3 > A5,1.0,1,0.5681682821661489,2,0.24316148186723302,4,0.2594673736068543,3,0.0,5
generalized_monotone,sum,1.0,3.0,2.25,1.0,0.5,A1,True,False,0.9,0.8,A1 > A2 > A4 > A3 > A5,1.0,1,0.5848593961025018,2,0.3300869694222782,4,0.3362525168794403,3,0.0,5
generalized_monotone,sum,1.0,3.0,2.25,1.0,0.88,A1,True,False,0.9,0.8,A1 > A2 > A4 > A3 > A5,1.0,1,0.6177004557804305,2,0.26483847539484884,4,0.32340349908730937,3,0.0,5
generalized_monotone,sum,1.0,3.0,2.25,1.0,1.0,A1,True,False,0.9,0.8,A1 > A2 > A4 > A3 > A5,1.0,1,0.6128446074760884,2,0.24799547875983255,4,0.30189810138988066,3,0.0,5
generalized_monotone,sum,1.0,3.0,3.0,0.5,0.5,A1,True,True,1.0,1.0,A1 > A2 > A3 > A4 > A5,1.0,1,0.5448111280847423,2,0.331726403651168,3,0.29596313831070853,4,0.0,5
generalized_monotone,sum,1.0,3.0,3.0,0.5,0.88,A1,True,True,1.0,1.0,A1 > A2 > A3 > A4 > A5,1.0,1,0.533710738959916,2,0.28816163252518406,3,0.25318694022853633,4,0.0,5
generalized_monotone,sum,1.0,3.0,3.0,0.5,1.0,A1,True,True,1.0,1.0,A1 > A2 > A3 > A4 > A5,1.0,1,0.5184357144372492,2,0.280691310538349,3,0.22918477695221712,4,0.0,5
generalized_monotone,sum,1.0,3.0,3.0,0.88,0.5,A1,True,False,0.9,0.8,A1 > A2 > A4 > A3 > A5,1.0,1,0.5876352887621623,2,0.3354332152707541,4,0.34246834121467673,3,0.0,5
generalized_monotone,sum,1.0,3.0,3.0,0.88,0.88,A1,True,False,0.9,0.8,A1 > A2 > A4 > A3 > A5,1.0,1,0.6240494263587287,2,0.276428796952148,4,0.3371916304427031,3,0.0,5
generalized_monotone,sum,1.0,3.0,3.0,0.88,1.0,A1,True,False,0.9,0.8,A1 > A2 > A4 > A3 > A5,1.0,1,0.6205991176116298,2,0.2621031438911109,4,0.3186719938345808,3,0.0,5
generalized_monotone,sum,1.0,3.0,3.0,1.0,0.5,A1,True,False,0.9,0.8,A1 > A2 > A4 > A3 > A5,1.0,1,0.6010989638090249,2,0.34007991869070264,4,0.3575376440556661,3,0.0,5
generalized_monotone,sum,1.0,3.0,3.0,1.0,0.88,A1,True,False,0.9,0.8,A1 > A2 > A4 > A3 > A5,1.0,1,0.6584176771926271,2,0.282391090427094,4,0.37186429155813966,3,0.0,5
generalized_monotone,sum,1.0,3.0,3.0,1.0,1.0,A1,True,False,0.9,0.8,A1 > A2 > A4 > A3 > A5,1.0,1,0.663180359045184,2,0.26807674582538843,4,0.36008182172981457,3,0.0,5
generalized_monotone,sum,1.0,3.0,5.0,0.5,0.5,A1,True,True,1.0,1.0,A1 > A2 > A3 > A4 > A5,1.0,1,0.5812184722942878,2,0.3456828192282931,3,0.33976075499556646,4,0.0,5
generalized_monotone,sum,1.0,3.0,5.0,0.5,0.88,A1,True,False,0.9,0.8,A1 > A2 > A4 > A3 > A5,1.0,1,0.6060806570095228,2,0.30523839515295825,4,0.33226411274736317,3,0.0,5
generalized_monotone,sum,1.0,3.0,5.0,0.5,1.0,A1,True,False,0.9,0.8,A1 > A2 > A4 > A3 > A5,1.0,1,0.5997196987207298,2,0.2986217936917263,4,0.3156387141573591,3,0.0,5
generalized_monotone,sum,1.0,3.0,5.0,0.88,0.5,A1,True,False,0.9,0.8,A1 > A2 > A4 > A3 > A5,1.0,1,0.6132483060702678,2,0.3498716191447493,4,0.3751022909760879,3,0.0,5
generalized_monotone,sum,1.0,3.0,5.0,0.88,0.88,A1,True,False,0.9,0.8,A1 > A2 > A4 > A3 > A5,1.0,1,0.691072739625467,2,0.3025585142524722,4,0.4150165088589375,3,0.0,5
generalized_monotone,sum,1.0,3.0,5.0,0.88,1.0,A1,True,False,0.9,0.8,A1 > A2 > A4 > A3 > A5,1.0,1,0.7049453639910128,2,0.29257487065888793,4,0.4139153261617603,3,0.0,5
generalized_monotone,sum,1.0,3.0,5.0,1.0,0.5,A1,True,False,0.9,0.8,A1 > A2 > A4 > A3 > A5,1.0,1,0.6222785547243602,2,0.353112690336337,4,0.385297637075201,3,0.0,5
generalized_monotone,sum,1.0,3.0,5.0,1.0,0.88,A1,True,False,0.9,0.8,A1 > A2 > A4 > A3 > A5,1.0,1,0.7178268458148307,2,0.30800153804714997,4,0.4425718519370699,3,0.0,5
generalized_monotone,sum,1.0,3.0,5.0,1.0,1.0,A1,True,False,0.9,0.8,A1 > A2 > A4 > A3 > A5,1.0,1,0.7403674216670382,2,0.29887024686982083,4,0.4493033059722042,3,0.0,5
generalized_monotone,vector,1.0,3.0,1.0,0.5,0.5,A1,True,True,1.0,1.0,A1 > A2 > A3 > A4 > A5,1.0,1,0.43678641041527616,2,0.29413237188797114,3,0.16655173060306064,4,0.0,5
generalized_monotone,vector,1.0,3.0,1.0,0.5,0.88,A1,True,True,1.0,1.0,A1 > A2 > A3 > A4 > A5,1.0,1,0.42007267976952045,2,0.26340123457011905,3,0.12834232012277041,4,0.0,5
generalized_monotone,vector,1.0,3.0,1.0,0.5,1.0,A1,True,True,1.0,1.0,A1 > A2 > A3 > A4 > A5,1.0,1,0.41303071044685574,2,0.2588332390073911,3,0.11596590565022609,4,0.0,5
generalized_monotone,vector,1.0,3.0,1.0,0.88,0.5,A1,True,True,1.0,1.0,A1 > A2 > A3 > A4 > A5,1.0,1,0.4526143308837696,2,0.2654147564411614,3,0.1725057709443734,4,0.0,5
generalized_monotone,vector,1.0,3.0,1.0,0.88,0.88,A1,True,True,1.0,1.0,A1 > A2 > A3 > A4 > A5,1.0,1,0.43501657475052447,2,0.20630875391295952,3,0.11828985648367848,4,0.0,5
generalized_monotone,vector,1.0,3.0,1.0,0.88,1.0,A1,True,True,1.0,1.0,A1 > A2 > A3 > A4 > A5,1.0,1,0.4255874558097827,2,0.19396789751995888,3,0.0983333265149787,4,0.0,5
generalized_monotone,vector,1.0,3.0,1.0,1.0,0.5,A1,True,True,1.0,1.0,A1 > A2 > A3 > A4 > A5,1.0,1,0.4689367910572947,2,0.2653051809281153,3,0.18676035140077354,4,0.0,5
generalized_monotone,vector,1.0,3.0,1.0,1.0,0.88,A1,True,True,1.0,1.0,A1 > A2 > A3 > A4 > A5,1.0,1,0.4577805997978264,2,0.19961400921640898,3,0.13387880064785018,4,0.0,5
generalized_monotone,vector,1.0,3.0,1.0,1.0,1.0,A1,True,True,1.0,1.0,A1 > A2 > A3 > A4 > A5,1.0,1,0.4495814422886251,2,0.18506736427457618,3,0.11311747583136975,4,0.0,5
generalized_monotone,vector,1.0,3.0,1.5,0.5,0.5,A1,True,True,1.0,1.0,A1 > A2 > A3 > A4 > A5,1.0,1,0.47638464900075755,2,0.3092203876935809,3,0.21393210154821274,4,0.0,5
generalized_monotone,vector,1.0,3.0,1.5,0.5,0.88,A1,True,True,1.0,1.0,A1 > A2 > A3 > A4 > A5,1.0,1,0.47055989897820927,2,0.2749468646333985,3,0.18300239759979794,4,0.0,5
generalized_monotone,vector,1.0,3.0,1.5,0.5,1.0,A1,True,True,1.0,1.0,A1 > A2 > A3 > A4 > A5,1.0,1,0.4652209985238597,2,0.26975865124271897,3,0.1708474113735491,4,0.0,5
generalized_monotone,vector,1.0,3.0,1.5,0.88,0.5,A1,True,True,1.0,1.0,A1 > A2 > A3 > A4 > A5,1.0,1,0.4987692160555214,2,0.2910392925490011,3,0.23073501095530782,4,0.0,5
generalized_monotone,vector,1.0,3.0,1.5,0.88,0.88,A1,True,True,1.0,1.0,A1 > A2 > A3 > A4 > A5,1.0,1,0.5034285858671036,2,0.23240776505436878,3,0.19688824306792688,4,0.0,5
generalized_monotone,vector,1.0,3.0,1.5,0.88,1.0,A1,True,True,1.0,1.0,A1 > A2 > A3 > A4 > A5,1.0,1,0.49955298551222194,2,0.21983056023863728,3,0.18085484878698446,4,0.0,5
generalized_monotone,vector,1.0,3.0,1.5,1.0,0.5,A1,True,True,1.0,1.0,A1 > A2 > A3 > A4 > A5,1.0,1,0.5136535065465031,2,0.29236992719484145,3,0.24472219260006864,4,0.0,5
generalized_monotone,vector,1.0,3.0,1.5,1.0,0.88,A1,True,True,1.0,1.0,A1 > A2 > A3 > A4 > A5,1.0,1,0.5280412053901627,2,0.2293135485905741,3,0.21658993061106785,4,0.0,5
generalized_monotone,vector,1.0,3.0,1.5,1.0,1.0,A1,True,True,1.0,1.0,A1 > A2 > A3 > A4 > A5,1.0,1,0.526979584954626,2,0.21505853217039056,3,0.2014985121957547,4,0.0,5
generalized_monotone,vector,1.0,3.0,2.25,0.5,0.5,A1,True,True,1.0,1.0,A1 > A2 > A3 > A4 > A5,1.0,1,0.5143802716826525,2,0.32369776285083357,3,0.25939489891668605,4,0.0,5
generalized_monotone,vector,1.0,3.0,2.25,0.5,0.88,A1,True,True,1.0,1.0,A1 > A2 > A3 > A4 > A5,1.0,1,0.5266490041306378,2,0.28777355758302486,3,0.24372736683560128,4,0.0,5
generalized_monotone,vector,1.0,3.0,2.25,0.5,1.0,A1,True,True,1.0,1.0,A1 > A2 > A3 > A4 > A5,1.0,1,0.5256442254331705,2,0.28240753069705266,3,0.234386391433445,4,0.0,5
generalized_monotone,vector,1.0,3.0,2.25,0.88,0.5,A1,True,True,1.0,1.0,A1 > A2 > A3 > A4 > A5,1.0,1,0.5382773202807526,2,0.312973630366211,3,0.2805786380111933,4,0.0,5
generalized_monotone,vector,1.0,3.0,2.25,0.88,0.88,A1,True,False,0.9,0.8,A1 > A2 > A4 > A3 > A5,1.0,1,0.5708458738148288,2,0.2581272917946793,4,0.2743437947187501,3,0.0,5
generalized_monotone,vector,1.0,3.0,2.25,0.88,1.0,A1,True,False,0.9,0.8,A1 > A2 > A4 > A3 > A5,1.0,1,0.5758430148923404,2,0.24650600360521113,4,0.265969758177213,3,0.0,5
generalized_monotone,vector,1.0,3.0,2.25,1.0,0.5,A1,True,True,1.0,1.0,A1 > A2 > A3 > A4 > A5,1.0,1,0.5507677675338349,2,0.3148332956580642,3,0.29282972639458676,4,0.0,5
generalized_monotone,vector,1.0,3.0,2.25,1.0,0.88,A1,True,False,0.9,0.8,A1 > A2 > A4 > A3 > A5,1.0,1,0.5947524595939058,2,0.2575127578661074,4,0.29512274668825944,3,0.0,5
generalized_monotone,vector,1.0,3.0,2.25,1.0,1.0,A1,True,False,0.9,0.8,A1 > A2 > A4 > A3 > A5,1.0,1,0.6038791433176609,2,0.24485650259368935,4,0.2893102145180901,3,0.0,5
generalized_monotone,vector,1.0,3.0,3.0,0.5,0.5,A1,True,True,1.0,1.0,A1 > A2 > A3 > A4 > A5,1.0,1,0.5388677502213921,2,0.33302816431387966,3,0.2886948339168839,4,0.0,5
generalized_monotone,vector,1.0,3.0,3.0,0.5,0.88,A1,True,True,1.0,1.0,A1 > A2 > A3 > A4 > A5,1.0,1,0.5676320016693231,2,0.29714572217997154,3,0.2880976818542553,4,0.0,5
generalized_monotone,vector,1.0,3.0,3.0,0.5,1.0,A1,True,True,1.0,1.0,A1 > A2 > A3 > A4 > A5,1.0,1,0.5715156500926698,2,0.29201016449526773,3,0.2826231984668313,4,0.0,5
generalized_monotone,vector,1.0,3.0,3.0,0.88,0.5,A1,True,True,1.0,1.0,A1 > A2 > A3 > A4 > A5,1.0,1,0.5615999638701321,2,0.32592203053148977,3,0.31000260486111275,4,0.0,5
generalized_monotone,vector,1.0,3.0,3.0,0.88,0.88,A1,True,False,0.9,0.8,A1 > A2 > A4 > A3 > A5,1.0,1,0.6152487704600264,2,0.27506688581244676,4,0.325358170396618,3,0.0,5
generalized_monotone,vector,1.0,3.0,3.0,0.88,1.0,A1,True,False,0.9,0.8,A1 > A2 > A4 > A3 > A5,1.0,1,0.628049108329401,2,0.26476029843490095,4,0.32421481259150925,3,0.0,5
generalized_monotone,vector,1.0,3.0,3.0,1.0,0.5,A1,True,True,1.0,1.0,A1 > A2 > A3 > A4 > A5,1.0,1,0.5721930972775345,2,0.3278009545491589,3,0.3206012553778938,4,0.0,5
generalized_monotone,vector,1.0,3.0,3.0,1.0,0.88,A1,True,False,0.9,0.8,A1 > A2 > A4 > A3 > A5,1.0,1,0.637385384314195,2,0.27553392656642606,4,0.34531043504539666,3,0.0,5
generalized_monotone,vector,1.0,3.0,3.0,1.0,1.0,A1,True,False,0.9,0.8,A1 > A2 > A4 > A3 > A5,1.0,1,0.6548708982837165,2,0.26461540418760304,4,0.34753776358715105,3,0.0,5
generalized_monotone,vector,1.0,3.0,5.0,0.5,0.5,A1,True,True,1.0,1.0,A1 > A2 > A3 > A4 > A5,1.0,1,0.575293381877301,2,0.3469073297966384,3,0.3322790942632825,4,0.0,5
generalized_monotone,vector,1.0,3.0,5.0,0.5,0.88,A1,True,False,0.9,0.8,A1 > A2 > A4 > A3 > A5,1.0,1,0.6372157241564704,2,0.31305842109376397,4,0.36343262249667596,3,0.0,5
generalized_monotone,vector,1.0,3.0,5.0,0.5,1.0,A1,True,False,0.9,0.8,A1 > A2 > A4 > A3 > A5,1.0,1,0.6529579488748399,2,0.30905913510595123,4,0.3682651090870501,3,0.0,5
generalized_monotone,vector,1.0,3.0,5.0,0.88,0.5,A1,True,False,0.9,0.8,A1 > A2 > A4 > A3 > A5,1.0,1,0.5935835919651818,2,0.34367888616944764,4,0.3503533142136943,3,0.0,5
generalized_monotone,vector,1.0,3.0,5.0,0.88,0.88,A1,True,False,0.9,0.8,A1 > A2 > A4 > A3 > A5,1.0,1,0.682730673643325,2,0.30081106310352457,4,0.4028879583282043,3,0.0,5
generalized_monotone,vector,1.0,3.0,5.0,0.88,1.0,A1,True,False,0.9,0.8,A1 > A2 > A4 > A3 > A5,1.0,1,0.7105603050646044,2,0.29361102471593886,4,0.4162705253872682,3,0.0,5
generalized_monotone,vector,1.0,3.0,5.0,1.0,0.5,A1,True,False,0.9,0.8,A1 > A2 > A4 > A3 > A5,1.0,1,0.6010096574959786,2,0.3452421481175954,4,0.357953303018657,3,0.0,5
generalized_monotone,vector,1.0,3.0,5.0,1.0,0.88,A1,True,False,0.9,0.8,A1 > A2 > A4 > A3 > A5,1.0,1,0.7002858134916267,2,0.3021222794173266,4,0.4193571291861057,3,0.0,5
generalized_monotone,vector,1.0,3.0,5.0,1.0,1.0,A1,True,False,0.9,0.8,A1 > A2 > A4 > A3 > A5,1.0,1,0.7328944640183855,2,0.294848918574072,4,0.436632971339519,3,0.0,5
power_todim,max,1.0,3.0,1.0,0.5,0.5,A1,True,True,1.0,1.0,A1 > A2 > A3 > A4 > A5,1.0,1,0.4125580073336691,2,0.33258760110997215,3,0.15598783108552594,4,0.0,5
power_todim,max,1.0,3.0,1.0,0.5,0.88,A1,True,True,1.0,1.0,A1 > A2 > A3 > A4 > A5,1.0,1,0.41246859796459606,2,0.31633388251087674,3,0.13959493454414287,4,0.0,5
power_todim,max,1.0,3.0,1.0,0.5,1.0,A1,True,True,1.0,1.0,A1 > A2 > A3 > A4 > A5,1.0,1,0.4126435948523071,2,0.31432478980318557,3,0.1345330216298325,4,0.0,5
power_todim,max,1.0,3.0,1.0,0.88,0.5,A1,True,True,1.0,1.0,A1 > A2 > A3 > A4 > A5,1.0,1,0.39030005994252015,2,0.3048859344881625,3,0.13169345300864813,4,0.0,5
power_todim,max,1.0,3.0,1.0,0.88,0.88,A1,True,True,1.0,1.0,A1 > A2 > A3 > A4 > A5,1.0,1,0.3835529563875476,2,0.2755852441862508,3,0.10322767187284272,4,0.0,5
power_todim,max,1.0,3.0,1.0,0.88,1.0,A1,True,True,1.0,1.0,A1 > A2 > A3 > A4 > A5,1.0,1,0.3818078647206448,2,0.27015958287431197,3,0.09408659207080865,4,0.0,5
power_todim,max,1.0,3.0,1.0,1.0,0.5,A1,True,True,1.0,1.0,A1 > A2 > A3 > A4 > A5,1.0,1,0.3948074317139838,2,0.30232986303639825,3,0.13562047535184607,4,0.0,5
power_todim,max,1.0,3.0,1.0,1.0,0.88,A1,True,True,1.0,1.0,A1 > A2 > A3 > A4 > A5,1.0,1,0.3890006014994231,2,0.2700280252169581,3,0.1062911554409031,4,0.0,5
power_todim,max,1.0,3.0,1.0,1.0,1.0,A1,True,True,1.0,1.0,A1 > A2 > A3 > A4 > A5,1.0,1,0.3875178075312835,2,0.2637583546003659,3,0.09664483742724116,4,0.0,5
power_todim,max,1.0,3.0,1.5,0.5,0.5,A1,True,True,1.0,1.0,A1 > A2 > A3 > A4 > A5,1.0,1,0.4518823152573204,2,0.3473842602363917,3,0.20181819695005854,4,0.0,5
power_todim,max,1.0,3.0,1.5,0.5,0.88,A1,True,True,1.0,1.0,A1 > A2 > A3 > A4 > A5,1.0,1,0.46343382530782246,2,0.3308148718353719,3,0.19427647168642528,4,0.0,5
power_todim,max,1.0,3.0,1.5,0.5,1.0,A1,True,True,1.0,1.0,A1 > A2 > A3 > A4 > A5,1.0,1,0.4671287780209315,2,0.329169345518294,3,0.1913680134281448,4,0.0,5
power_todim,max,1.0,3.0,1.5,0.88,0.5,A1,True,True,1.0,1.0,A1 > A2 > A3 > A4 > A5,1.0,1,0.44145512835916223,2,0.32833386965921185,3,0.19095424347297857,4,0.0,5
power_todim,max,1.0,3.0,1.5,0.88,0.88,A1,True,True,1.0,1.0,A1 > A2 > A3 > A4 > A5,1.0,1,0.4519723473394711,2,0.30070234258723005,3,0.17756845203230187,4,0.0,5
power_todim,max,1.0,3.0,1.5,0.88,1.0,A1,True,True,1.0,1.0,A1 > A2 > A3 > A4 > A5,1.0,1,0.4556587528313076,2,0.29603250870153014,3,0.17245434461876996,4,0.0,5
power_todim,max,1.0,3.0,1.5,1.0,0.5,A1,True,True,1.0,1.0,A1 > A2 > A3 > A4 > A5,1.0,1,0.447172476047273,2,0.32738062982888644,3,0.19657655097187826,4,0.0,5
power_todim,max,1.0,3.0,1.5,1.0,0.88,A1,True,True,1.0,1.0,A1 > A2 > A3 > A4 > A5,1.0,1,0.4605654666697369,2,0.29769856755397417,3,0.18457817956470252,4,0.0,5
power_todim,max,1.0,3.0,1.5,1.0,1.0,A1,True,True,1.0,1.0,A1 > A2 > A3 > A4 > A5,1.0,1,0.4652840427099609,2,0.292443836227565,3,0.17976780400612163,4,0.0,5
power_todim,max,1.0,3.0,2.25,0.5,0.5,A1,True,True,1.0,1.0,A1 > A2 > A3 > A4 > A5,1.0,1,0.48955987538314943,2,0.36156129330661035,3,0.24572936682499247,4,0.0,5
power_todim,max,1.0,3.0,2.25,0.5,0.88,A1,True,True,1.0,1.0,A1 > A2 > A3 > A4 > A5,1.0,1,0.5177257850459789,2,0.3462411012540984,3,0.2525273216817775,4,0.0,5
power_todim,max,1.0,3.0,2.25,0.5,1.0,A1,True,True,1.0,1.0,A1 > A2 > A3 > A4 > A5,1.0,1,0.527030874447259,2,0.3454897459673557,3,0.25385353630058255,4,0.0,5
power_todim,max,1.0,3.0,2.25,0.88,0.5,A1,True,True,1.0,1.0,A1 > A2 > A3 > A4 > A5,1.0,1,0.4867498332711586,2,0.34909559156168496,3,0.2434260727562769,4,0.0,5
power_todim,max,1.0,3.0,2.25,0.88,0.88,A1,True,True,1.0,1.0,A1 > A2 > A3 > A4 > A5,1.0,1,0.5191183276718585,2,0.32535196562207774,3,0.2505256136356387,4,0.0,5
power_todim,max,1.0,3.0,2.25,0.88,1.0,A1,True,True,1.0,1.0,A1 > A2 > A3 > A4 > A5,1.0,1,0.530550235483128,2,0.3222699965004234,3,0.2519263365007527,4,0.0,5
power_todim,max,1.0,3.0,2.25,1.0,0.5,A1,True,True,1.0,1.0,A1 > A2 > A3 > A4 > A5,1.0,1,0.4924907284484824,2,0.3490603015793811,3,0.24932973499963823,4,0.0,5
power_todim,max,1.0,3.0,2.25,1.0,0.88,A1,True,True,1.0,1.0,A1 > A2 > A3 > A4 > A5,1.0,1,0.5290347804200354,2,0.32417221548728953,3,0.25947888404521763,4,0.0,5
power_todim,max,1.0,3.0,2.25,1.0,1.0,A1,True,True,1.0,1.0,A1 > A2 > A3 > A4 > A5,1.0,1,0.5421540542666057,2,0.3207987295707276,3,0.26193281285424375,4,0.0,5
power_todim,max,1.0,3.0,3.0,0.5,0.5,A1,True,True,1.0,1.0,A1 > A2 > A3 > A4 > A5,1.0,1,0.5138137666970658,2,0.37068736776818817,3,0.2739959726788964,4,0.0,5
power_todim,max,1.0,3.0,3.0,0.5,0.88,A1,True,True,1.0,1.0,A1 > A2 > A3 > A4 > A5,1.0,1,0.5559330398079415,2,0.35709710793096805,3,0.293520593551261,4,0.0,5
power_todim,max,1.0,3.0,3.0,0.5,1.0,A1,True,True,1.0,1.0,A1 > A2 > A3 > A4 > A5,1.0,1,0.5703876004663463,2,0.3573023397329515,3,0.29908012863982797,4,0.0,5
power_todim,max,1.0,3.0,3.0,0.88,0.5,A1,True,True,1.0,1.0,A1 > A2 > A3 > A4 > A5,1.0,1,0.5141695629222056,2,0.3616639657847225,3,0.2751905665539361,4,0.0,5
power_todim,max,1.0,3.0,3.0,0.88,0.88,A1,True,True,1.0,1.0,A1 > A2 > A3 > A4 > A5,1.0,1,0.5631923119063207,2,0.34153174424241184,3,0.2984140021047488,4,0.0,5
power_todim,max,1.0,3.0,3.0,0.88,1.0,A1,True,True,1.0,1.0,A1 > A2 > A3 > A4 > A5,1.0,1,0.5810669110107564,2,0.3399680124945633,3,0.30553271048724584,4,0.0,5
power_todim,max,1.0,3.0,3.0,1.0,0.5,A1,True,True,1.0,1.0,A1 > A2 > A3 > A4 > A5,1.0,1,0.5194602933456388,2,0.36196219614159103,3,0.28072393810289664,4,0.0,5
power_todim,max,1.0,3.0,3.0,1.0,0.88,A1,True,True,1.0,1.0,A1 > A2 > A3 > A4 > A5,1.0,1,0.5730590132303489,2,0.3411941772409147,3,0.30763835682352203,4,0.0,5
power_todim,max,1.0,3.0,3.0,1.0,1.0,A1,True,True,1.0,1.0,A1 > A2 > A3 > A4 > A5,1.0,1,0.592910448166141,2,0.3395211429847592,3,0.3161854332116758,4,0.0,5
power_todim,max,1.0,3.0,5.0,0.5,0.5,A1,True,True,1.0,1.0,A1 > A2 > A3 > A4 > A5,1.0,1,0.5498505331053294,2,0.3842470151393953,3,0.31599488572453643,4,0.0,5
power_todim,max,1.0,3.0,5.0,0.5,0.88,A1,True,True,1.0,1.0,A1 > A2 > A3 > A4 > A5,1.0,1,0.6181498077791499,2,0.3747750503195721,3,0.3602741171994304,4,0.0,5
power_todim,max,1.0,3.0,5.0,0.5,1.0,A1,True,True,1.0,1.0,A1 > A2 > A3 > A4 > A5,1.0,1,0.6432169966951734,2,0.3771447990428636,3,0.37505047317424894,4,0.0,5
power_todim,max,1.0,3.0,5.0,0.88,0.5,A1,True,True,1.0,1.0,A1 > A2 > A3 > A4 > A5,1.0,1,0.5526259527254499,2,0.37929121100067725,3,0.31974052276909115,4,0.0,5
power_todim,max,1.0,3.0,5.0,0.88,0.88,A1,True,False,0.9,0.8,A1 > A2 > A4 > A3 > A5,1.0,1,0.6299471543110161,2,0.36603777860040215,4,0.37094617455968776,3,0.0,5
power_todim,max,1.0,3.0,5.0,0.88,1.0,A1,True,False,0.9,0.8,A1 > A2 > A4 > A3 > A5,1.0,1,0.6597226634611972,2,0.36752427486455486,4,0.3889992022547278,3,0.0,5
power_todim,max,1.0,3.0,5.0,1.0,0.5,A1,True,True,1.0,1.0,A1 > A2 > A3 > A4 > A5,1.0,1,0.5567103639245917,2,0.3797821530032311,3,0.32408527099149925,4,0.0,5
power_todim,max,1.0,3.0,5.0,1.0,0.88,A1,True,False,0.9,0.8,A1 > A2 > A4 > A3 > A5,1.0,1,0.6383971896042294,2,0.36645717146684187,4,0.37911381308007747,3,0.0,5
power_todim,max,1.0,3.0,5.0,1.0,1.0,A1,True,False,0.9,0.8,A1 > A2 > A4 > A3 > A5,1.0,1,0.6702430931330813,2,0.36804668702434135,4,0.398844942808277,3,0.0,5
power_todim,max_min,1.0,3.0,1.0,0.5,0.5,A1,True,True,1.0,1.0,A1 > A2 > A3 > A4 > A5,1.0,1,0.46796545139498025,2,0.4298622763407961,3,0.17622584492182838,4,0.0,5
power_todim,max_min,1.0,3.0,1.0,0.5,0.88,A1,True,True,1.0,1.0,A1 > A2 > A3 > A4 > A5,1.0,1,0.5046617576903762,2,0.45017063126398316,3,0.1949625786826362,4,0.0,5
power_todim,max_min,1.0,3.0,1.0,0.5,1.0,A1,True,True,1.0,1.0,A1 > A2 > A3 > A4 > A5,1.0,1,0.5169706118921089,2,0.4564416861054097,3,0.20154069531663807,4,0.0,5
power_todim,max_min,1.0,3.0,1.0,0.88,0.5,A1,True,False,0.9,0.8,A1 > A3 > A2 > A4 > A5,1.0,1,0.40624272355410185,3,0.42670142522688503,2,0.11552765961505329,4,0.0,5
power_todim,max_min,1.0,3.0,1.0,0.88,0.88,A1,True,False,0.9,0.8,A1 > A3 > A2 > A4 > A5,1.0,1,0.4409415342975883,3,0.4477334165904689,2,0.13152246768036296,4,0.0,5
power_todim,max_min,1.0,3.0,1.0,0.88,1.0,A1,True,False,0.9,0.8,A1 > A3 > A2 > A4 > A5,1.0,1,0.4527602493881269,3,0.45424995872808993,2,0.13735399737730972,4,0.0,5
power_todim,max_min,1.0,3.0,1.0,1.0,0.5,A1,True,False,0.9,0.8,A1 > A3 > A2 > A4 > A5,1.0,1,0.3925645446610538,3,0.429979860092207,2,0.10419671399007134,4,0.0,5
power_todim,max_min,1.0,3.0,1.0,1.0,0.88,A1,True,False,0.9,0.8,A1 > A3 > A2 > A4 > A5,1.0,1,0.42689193932166547,3,0.4514781687245306,2,0.1197199397932699,4,0.0,5
power_todim,max_min,1.0,3.0,1.0,1.0,1.0,A1,True,False,0.9,0.8,A1 > A3 > A2 > A4 > A5,1.0,1,0.43863039428597933,3,0.4581424502956985,2,0.12543049776066245,4,0.0,5
power_todim,max_min,1.0,3.0,1.5,0.5,0.5,A1,True,True,1.0,1.0,A1 > A2 > A3 > A4 > A5,1.0,1,0.5036943917885488,2,0.45193889361030004,3,0.21689806204637396,4,0.0,5
power_todim,max_min,1.0,3.0,1.5,0.5,0.88,A1,True,True,1.0,1.0,A1 > A2 > A3 > A4 > A5,1.0,1,0.550679455570462,2,0.4780991150244901,3,0.24242547869770015,4,0.0,5
power_todim,max_min,1.0,3.0,1.5,0.5,1.0,A1,True,True,1.0,1.0,A1 > A2 > A3 > A4 > A5,1.0,1,0.5665524042327885,2,0.48627210877888244,3,0.25134761349262885,4,0.0,5
power_todim,max_min,1.0,3.0,1.5,0.88,0.5,A1,True,True,1.0,1.0,A1 > A2 > A3 > A4 > A5,1.0,1,0.4559327060660154,2,0.4501726738128733,3,0.1701150304297593,4,0.0,5
power_todim,max_min,1.0,3.0,1.5,0.88,0.88,A1,True,True,1.0,1.0,A1 > A2 > A3 > A4 > A5,1.0,1,0.5012156535733461,2,0.4771480254991557,3,0.19323835090465447,4,0.0,5
power_todim,max_min,1.0,3.0,1.5,0.88,1.0,A1,True,True,1.0,1.0,A1 > A2 > A3 > A4 > A5,1.0,1,0.5166857055502101,2,0.48560177698039986,3,0.2015082182756964,4,0.0,5
power_todim,max_min,1.0,3.0,1.5,1.0,0.5,A1,True,False,0.9,0.8,A1 > A3 > A2 > A4 > A5,1.0,1,0.4455866839866418,3,0.4529920483280098,2,0.16167328247846327,4,0.0,5
power_todim,max_min,1.0,3.0,1.5,1.0,0.88,A1,True,True,1.0,1.0,A1 > A2 > A3 > A4 > A5,1.0,1,0.490593266891554,2,0.48044714753637124,3,0.18442888902524704,4,0.0,5
power_todim,max_min,1.0,3.0,1.5,1.0,1.0,A1,True,True,1.0,1.0,A1 > A2 > A3 > A4 > A5,1.0,1,0.5060119242018596,2,0.4890559952557601,3,0.19260828173760494,4,0.0,5
power_todim,max_min,1.0,3.0,2.25,0.5,0.5,A1,True,True,1.0,1.0,A1 > A2 > A3 > A4 > A5,1.0,1,0.5366716062942294,2,0.47231524217358656,3,0.2544378383107489,4,0.0,5
power_todim,max_min,1.0,3.0,2.25,0.5,0.88,A1,True,True,1.0,1.0,A1 > A2 > A3 > A4 > A5,1.0,1,0.5940957506715503,2,0.5044487880531545,3,0.2872052779561767,4,0.0,5
power_todim,max_min,1.0,3.0,2.25,0.5,1.0,A1,True,True,1.0,1.0,A1 > A2 > A3 > A4 > A5,1.0,1,0.6136396986046667,2,0.5146017400276286,3,0.29864870744652233,4,0.0,5
power_todim,max_min,1.0,3.0,2.25,0.88,0.5,A1,True,True,1.0,1.0,A1 > A2 > A3 > A4 > A5,1.0,1,0.5010610697108697,2,0.471489224711906,3,0.2196911943970522,4,0.0,5
power_todim,max_min,1.0,3.0,2.25,0.88,0.88,A1,True,True,1.0,1.0,A1 > A2 > A3 > A4 > A5,1.0,1,0.5571523411742154,2,0.5044459073960169,3,0.2505130505835495,4,0.0,5
power_todim,max_min,1.0,3.0,2.25,0.88,1.0,A1,True,True,1.0,1.0,A1 > A2 > A3 > A4 > A5,1.0,1,0.5763970567615659,2,0.5148868152604811,3,0.26143325355493807,4,0.0,5
power_todim,max_min,1.0,3.0,2.25,1.0,0.5,A1,True,True,1.0,1.0,A1 > A2 > A3 > A4 > A5,1.0,1,0.49351194012613664,2,0.4737921335293792,3,0.21362477485244333,4,0.0,5
power_todim,max_min,1.0,3.0,2.25,1.0,0.88,A1,True,True,1.0,1.0,A1 > A2 > A3 > A4 > A5,1.0,1,0.5494221595076794,2,0.507200325354382,3,0.24418833158150752,4,0.0,5
power_todim,max_min,1.0,3.0,2.25,1.0,1.0,A1,True,True,1.0,1.0,A1 > A2 > A3 > A4 > A5,1.0,1,0.5686426720939991,2,0.5177899590476631,3,0.2550496489411257,4,0.0,5
power_todim,max_min,1.0,3.0,3.0,0.5,0.5,A1,True,True,1.0,1.0,A1 > A2 > A3 > A4 > A5,1.0,1,0.5572807344698038,2,0.48504945231188107,3,0.27789834194369306,4,0.0,5
power_todim,max_min,1.0,3.0,3.0,0.5,0.88,A1,True,True,1.0,1.0,A1 > A2 > A3 > A4 > A5,1.0,1,0.6217016412060795,2,0.5212030087335762,3,0.3156781412810967,4,0.0,5
power_todim,max_min,1.0,3.0,3.0,0.5,1.0,A1,True,True,1.0,1.0,A1 > A2 > A3 > A4 > A5,1.0,1,0.6437368257212459,2,0.5327093956963848,3,0.32888249039103196,4,0.0,5
power_todim,max_min,1.0,3.0,3.0,0.88,0.5,A1,True,True,1.0,1.0,A1 > A2 > A3 > A4 > A5,1.0,1,0.5289133978863655,2,0.4846453758163838,3,0.2502886164388922,4,0.0,5
power_todim,max_min,1.0,3.0,3.0,0.88,0.88,A1,True,True,1.0,1.0,A1 > A2 > A3 > A4 > A5,1.0,1,0.5922595727042395,2,0.5215787248926587,3,0.28646005117799156,4,0.0,5
power_todim,max_min,1.0,3.0,3.0,0.88,1.0,A1,True,True,1.0,1.0,A1 > A2 > A3 > A4 > A5,1.0,1,0.6140648101898981,2,0.5333607164316135,3,0.29923580545319967,4,0.0,5
power_todim,max_min,1.0,3.0,3.0,1.0,0.5,A1,True,True,1.0,1.0,A1 > A2 > A3 > A4 > A5,1.0,1,0.5229821673328836,2,0.4865825343781479,3,0.24557081765572983,4,0.0,5
power_todim,max_min,1.0,3.0,3.0,1.0,0.88,A1,True,True,1.0,1.0,A1 > A2 > A3 > A4 > A5,1.0,1,0.5862037133879671,2,0.5239271989639723,3,0.2815516926527742,4,0.0,5
power_todim,max_min,1.0,3.0,3.0,1.0,1.0,A1,True,True,1.0,1.0,A1 > A2 > A3 > A4 > A5,1.0,1,0.6079995998230283,2,0.5358462744260781,3,0.2942875705537332,4,0.0,5
power_todim,max_min,1.0,3.0,5.0,0.5,0.5,A1,True,True,1.0,1.0,A1 > A2 > A3 > A4 > A5,1.0,1,0.5870472606509224,2,0.5034419430688002,3,0.31178321517379454,4,0.0,5
power_todim,max_min,1.0,3.0,5.0,0.5,0.88,A1,True,True,1.0,1.0,A1 > A2 > A3 > A4 > A5,1.0,1,0.662233463616178,2,0.5458020737914144,3,0.3574828799599375,4,0.0,5
power_todim,max_min,1.0,3.0,5.0,0.5,1.0,A1,True,True,1.0,1.0,A1 > A2 > A3 > A4 > A5,1.0,1,0.6881494250559196,2,0.5594298216357657,3,0.37349674487070006,4,0.0,5
power_todim,max_min,1.0,3.0,5.0,0.88,0.5,A1,True,True,1.0,1.0,A1 > A2 > A3 > A4 > A5,1.0,1,0.5686745559894707,2,0.5034267071577864,3,0.2939685891753682,4,0.0,5
power_todim,max_min,1.0,3.0,5.0,0.88,0.88,A1,True,True,1.0,1.0,A1 > A2 > A3 > A4 > A5,1.0,1,0.6431706839379286,2,0.5464240555924623,3,0.3385889621180637,4,0.0,5
power_todim,max_min,1.0,3.0,5.0,0.88,1.0,A1,True,True,1.0,1.0,A1 > A2 > A3 > A4 > A5,1.0,1,0.6689534929002154,2,0.5602805087609688,3,0.3543209137470034,4,0.0,5
power_todim,max_min,1.0,3.0,5.0,1.0,0.5,A1,True,True,1.0,1.0,A1 > A2 > A3 > A4 > A5,1.0,1,0.5649105794975708,2,0.5047799237221963,3,0.2910216667547245,4,0.0,5
power_todim,max_min,1.0,3.0,5.0,1.0,0.88,A1,True,True,1.0,1.0,A1 > A2 > A3 > A4 > A5,1.0,1,0.6393509629100801,2,0.5480965782225841,3,0.3355396204141303,4,0.0,5
power_todim,max_min,1.0,3.0,5.0,1.0,1.0,A1,True,True,1.0,1.0,A1 > A2 > A3 > A4 > A5,1.0,1,0.665139810417948,2,0.5620612694174154,3,0.35125500255675535,4,0.0,5
power_todim,sum,1.0,3.0,1.0,0.5,0.5,A1,True,True,1.0,1.0,A1 > A2 > A3 > A4 > A5,1.0,1,0.4429011098132113,2,0.29266014937335727,3,0.17336655749685426,4,0.0,5
power_todim,sum,1.0,3.0,1.0,0.5,0.88,A1,True,True,1.0,1.0,A1 > A2 > A3 > A4 > A5,1.0,1,0.3960172875394012,2,0.2556708069352571,3,0.10273203982048001,4,0.0,5
power_todim,sum,1.0,3.0,1.0,0.5,1.0,A1,True,True,1.0,1.0,A1 > A2 > A3 > A4 > A5,1.0,1,0.3801754121506479,2,0.25019238700767055,3,0.0821306235760391,4,0.0,5
power_todim,sum,1.0,3.0,1.0,0.88,0.5,A1,True,True,1.0,1.0,A1 > A2 > A3 > A4 > A5,1.0,1,0.49381391663582286,2,0.2825448403293239,3,0.2229290496237301,4,0.0,5
power_todim,sum,1.0,3.0,1.0,0.88,0.88,A1,True,True,1.0,1.0,A1 > A2 > A3 > A4 > A5,1.0,1,0.4457071993254986,2,0.20690027399562633,3,0.13010753598583213,4,0.0,5
power_todim,sum,1.0,3.0,1.0,0.88,1.0,A1,True,True,1.0,1.0,A1 > A2 > A3 > A4 > A5,1.0,1,0.42116845396123553,2,0.1900549265402467,3,0.09347595026852884,4,0.0,5
power_todim,sum,1.0,3.0,1.0,1.0,0.5,A1,True,True,1.0,1.0,A1 > A2 > A3 > A4 > A5,1.0,1,0.5186350236911184,2,0.2893360820957388,3,0.2494525346129268,4,0.0,5
power_todim,sum,1.0,3.0,1.0,1.0,0.88,A1,True,True,1.0,1.0,A1 > A2 > A3 > A4 > A5,1.0,1,0.4843552080671797,2,0.20735523566697847,3,0.1646987507699876,4,0.0,5
power_todim,sum,1.0,3.0,1.0,1.0,1.0,A1,True,True,1.0,1.0,A1 > A2 > A3 > A4 > A5,1.0,1,0.461055758072767,2,0.18743986317003777,3,0.12644348535459554,4,0.0,5
power_todim,sum,1.0,3.0,1.5,0.5,0.5,A1,True,True,1.0,1.0,A1 > A2 > A3 > A4 > A5,1.0,1,0.4824118972519655,2,0.3078062409449069,3,0.22089758072116666,4,0.0,5
power_todim,sum,1.0,3.0,1.5,0.5,0.88,A1,True,True,1.0,1.0,A1 > A2 > A3 > A4 > A5,1.0,1,0.44091115536897585,2,0.26626418530336315,3,0.15178667781196212,4,0.0,5
power_todim,sum,1.0,3.0,1.5,0.5,1.0,A1,True,True,1.0,1.0,A1 > A2 > A3 > A4 > A5,1.0,1,0.42309423436638055,2,0.2596598759045992,3,0.12777923681105344,4,0.0,5
power_todim,sum,1.0,3.0,1.5,0.88,0.5,A1,True,True,1.0,1.0,A1 > A2 > A3 > A4 > A5,1.0,1,0.5348427914452837,2,0.30567337133637135,3,0.27520458683173543,4,0.0,5
power_todim,sum,1.0,3.0,1.5,0.88,0.88,A1,True,True,1.0,1.0,A1 > A2 > A3 > A4 > A5,1.0,1,0.5132881578000075,2,0.23324739492645954,3,0.20857993044355874,4,0.0,5
power_todim,sum,1.0,3.0,1.5,0.88,1.0,A1,True,True,1.0,1.0,A1 > A2 > A3 > A4 > A5,1.0,1,0.49281940422976295,2,0.2159402299527273,3,0.17438382182085013,4,0.0,5
power_todim,sum,1.0,3.0,1.5,1.0,0.5,A1,True,True,1.0,1.0,A1 > A2 > A3 > A4 > A5,1.0,1,0.5556791206823971,2,0.31213101042254193,3,0.2980060632435626,4,0.0,5
power_todim,sum,1.0,3.0,1.5,1.0,0.88,A1,True,False,0.9,0.8,A1 > A2 > A4 > A3 > A5,1.0,1,0.5532428397293186,2,0.23705171389194973,4,0.24668738128066267,3,0.0,5
power_todim,sum,1.0,3.0,1.5,1.0,1.0,A1,True,True,1.0,1.0,A1 > A2 > A3 > A4 > A5,1.0,1,0.537097204936157,2,0.21777632492761975,3,0.21434073811479504,4,0.0,5
power_todim,sum,1.0,3.0,2.25,0.5,0.5,A1,True,True,1.0,1.0,A1 > A2 > A3 > A4 > A5,1.0,1,0.5203486189236756,2,0.3223489290969664,3,0.2665350209171492,4,0.0,5
power_todim,sum,1.0,3.0,2.25,0.5,0.88,A1,True,True,1.0,1.0,A1 > A2 > A3 > A4 > A5,1.0,1,0.4934360885317607,2,0.27865822746665186,3,0.20917962937515613,4,0.0,5
power_todim,sum,1.0,3.0,2.25,0.5,1.0,A1,True,True,1.0,1.0,A1 > A2 > A3 > A4 > A5,1.0,1,0.47590448462217927,2,0.27130932088302007,3,0.18394840838462947,4,0.0,5
power_todim,sum,1.0,3.0,2.25,0.88,0.5,A1,True,True,1.0,1.0,A1 > A2 > A3 > A4 > A5,1.0,1,0.568432665616236,2,0.32460843718678917,3,0.3180019758703189,4,0.0,5
power_todim,sum,1.0,3.0,2.25,0.88,0.88,A1,True,False,0.9,0.8,A1 > A2 > A4 > A3 > A5,1.0,1,0.5800224472224257,2,0.25926443335465643,4,0.28606920555331317,3,0.0,5
power_todim,sum,1.0,3.0,2.25,0.88,1.0,A1,True,False,0.9,0.8,A1 > A2 > A4 > A3 > A5,1.0,1,0.5681682821661489,2,0.24316148186723302,4,0.2594673736068543,3,0.0,5
power_todim,sum,1.0,3.0,2.25,1.0,0.5,A1,True,False,0.9,0.8,A1 > A2 > A4 > A3 > A5,1.0,1,0.5848593961025018,2,0.3300869694222782,4,0.3362525168794403,3,0.0,5
power_todim,sum,1.0,3.0,2.25,1.0,0.88,A1,True,False,0.9,0.8,A1 > A2 > A4 > A3 > A5,1.0,1,0.6177004557804305,2,0.26483847539484884,4,0.32340349908730937,3,0.0,5
power_todim,sum,1.0,3.0,2.25,1.0,1.0,A1,True,False,0.9,0.8,A1 > A2 > A4 > A3 > A5,1.0,1,0.6128446074760884,2,0.24799547875983255,4,0.30189810138988066,3,0.0,5
power_todim,sum,1.0,3.0,3.0,0.5,0.5,A1,True,True,1.0,1.0,A1 > A2 > A3 > A4 > A5,1.0,1,0.5448111280847423,2,0.331726403651168,3,0.29596313831070853,4,0.0,5
power_todim,sum,1.0,3.0,3.0,0.5,0.88,A1,True,True,1.0,1.0,A1 > A2 > A3 > A4 > A5,1.0,1,0.533710738959916,2,0.28816163252518406,3,0.25318694022853633,4,0.0,5
power_todim,sum,1.0,3.0,3.0,0.5,1.0,A1,True,True,1.0,1.0,A1 > A2 > A3 > A4 > A5,1.0,1,0.5184357144372492,2,0.280691310538349,3,0.22918477695221712,4,0.0,5
power_todim,sum,1.0,3.0,3.0,0.88,0.5,A1,True,False,0.9,0.8,A1 > A2 > A4 > A3 > A5,1.0,1,0.5876352887621623,2,0.3354332152707541,4,0.34246834121467673,3,0.0,5
power_todim,sum,1.0,3.0,3.0,0.88,0.88,A1,True,False,0.9,0.8,A1 > A2 > A4 > A3 > A5,1.0,1,0.6240494263587287,2,0.276428796952148,4,0.3371916304427031,3,0.0,5
power_todim,sum,1.0,3.0,3.0,0.88,1.0,A1,True,False,0.9,0.8,A1 > A2 > A4 > A3 > A5,1.0,1,0.6205991176116298,2,0.2621031438911109,4,0.3186719938345808,3,0.0,5
power_todim,sum,1.0,3.0,3.0,1.0,0.5,A1,True,False,0.9,0.8,A1 > A2 > A4 > A3 > A5,1.0,1,0.6010989638090249,2,0.34007991869070264,4,0.3575376440556661,3,0.0,5
power_todim,sum,1.0,3.0,3.0,1.0,0.88,A1,True,False,0.9,0.8,A1 > A2 > A4 > A3 > A5,1.0,1,0.6584176771926271,2,0.282391090427094,4,0.37186429155813966,3,0.0,5
power_todim,sum,1.0,3.0,3.0,1.0,1.0,A1,True,False,0.9,0.8,A1 > A2 > A4 > A3 > A5,1.0,1,0.663180359045184,2,0.26807674582538843,4,0.36008182172981457,3,0.0,5
power_todim,sum,1.0,3.0,5.0,0.5,0.5,A1,True,True,1.0,1.0,A1 > A2 > A3 > A4 > A5,1.0,1,0.5812184722942878,2,0.3456828192282931,3,0.33976075499556646,4,0.0,5
power_todim,sum,1.0,3.0,5.0,0.5,0.88,A1,True,False,0.9,0.8,A1 > A2 > A4 > A3 > A5,1.0,1,0.6060806570095228,2,0.30523839515295825,4,0.33226411274736317,3,0.0,5
power_todim,sum,1.0,3.0,5.0,0.5,1.0,A1,True,False,0.9,0.8,A1 > A2 > A4 > A3 > A5,1.0,1,0.5997196987207298,2,0.2986217936917263,4,0.3156387141573591,3,0.0,5
power_todim,sum,1.0,3.0,5.0,0.88,0.5,A1,True,False,0.9,0.8,A1 > A2 > A4 > A3 > A5,1.0,1,0.6132483060702678,2,0.3498716191447493,4,0.3751022909760879,3,0.0,5
power_todim,sum,1.0,3.0,5.0,0.88,0.88,A1,True,False,0.9,0.8,A1 > A2 > A4 > A3 > A5,1.0,1,0.691072739625467,2,0.3025585142524722,4,0.4150165088589375,3,0.0,5
power_todim,sum,1.0,3.0,5.0,0.88,1.0,A1,True,False,0.9,0.8,A1 > A2 > A4 > A3 > A5,1.0,1,0.7049453639910128,2,0.29257487065888793,4,0.4139153261617603,3,0.0,5
power_todim,sum,1.0,3.0,5.0,1.0,0.5,A1,True,False,0.9,0.8,A1 > A2 > A4 > A3 > A5,1.0,1,0.6222785547243602,2,0.353112690336337,4,0.385297637075201,3,0.0,5
power_todim,sum,1.0,3.0,5.0,1.0,0.88,A1,True,False,0.9,0.8,A1 > A2 > A4 > A3 > A5,1.0,1,0.7178268458148307,2,0.30800153804714997,4,0.4425718519370699,3,0.0,5
power_todim,sum,1.0,3.0,5.0,1.0,1.0,A1,True,False,0.9,0.8,A1 > A2 > A4 > A3 > A5,1.0,1,0.7403674216670382,2,0.29887024686982083,4,0.4493033059722042,3,0.0,5
power_todim,vector,1.0,3.0,1.0,0.5,0.5,A1,True,True,1.0,1.0,A1 > A2 > A3 > A4 > A5,1.0,1,0.43678641041527616,2,0.29413237188797114,3,0.16655173060306064,4,0.0,5
power_todim,vector,1.0,3.0,1.0,0.5,0.88,A1,True,True,1.0,1.0,A1 > A2 > A3 > A4 > A5,1.0,1,0.42007267976952045,2,0.26340123457011905,3,0.12834232012277041,4,0.0,5
power_todim,vector,1.0,3.0,1.0,0.5,1.0,A1,True,True,1.0,1.0,A1 > A2 > A3 > A4 > A5,1.0,1,0.41303071044685574,2,0.2588332390073911,3,0.11596590565022609,4,0.0,5
power_todim,vector,1.0,3.0,1.0,0.88,0.5,A1,True,True,1.0,1.0,A1 > A2 > A3 > A4 > A5,1.0,1,0.4526143308837696,2,0.2654147564411614,3,0.1725057709443734,4,0.0,5
power_todim,vector,1.0,3.0,1.0,0.88,0.88,A1,True,True,1.0,1.0,A1 > A2 > A3 > A4 > A5,1.0,1,0.43501657475052447,2,0.20630875391295952,3,0.11828985648367848,4,0.0,5
power_todim,vector,1.0,3.0,1.0,0.88,1.0,A1,True,True,1.0,1.0,A1 > A2 > A3 > A4 > A5,1.0,1,0.4255874558097827,2,0.19396789751995888,3,0.0983333265149787,4,0.0,5
power_todim,vector,1.0,3.0,1.0,1.0,0.5,A1,True,True,1.0,1.0,A1 > A2 > A3 > A4 > A5,1.0,1,0.4689367910572947,2,0.2653051809281153,3,0.18676035140077354,4,0.0,5
power_todim,vector,1.0,3.0,1.0,1.0,0.88,A1,True,True,1.0,1.0,A1 > A2 > A3 > A4 > A5,1.0,1,0.4577805997978264,2,0.19961400921640898,3,0.13387880064785018,4,0.0,5
power_todim,vector,1.0,3.0,1.0,1.0,1.0,A1,True,True,1.0,1.0,A1 > A2 > A3 > A4 > A5,1.0,1,0.4495814422886251,2,0.18506736427457618,3,0.11311747583136975,4,0.0,5
power_todim,vector,1.0,3.0,1.5,0.5,0.5,A1,True,True,1.0,1.0,A1 > A2 > A3 > A4 > A5,1.0,1,0.47638464900075755,2,0.3092203876935809,3,0.21393210154821274,4,0.0,5
power_todim,vector,1.0,3.0,1.5,0.5,0.88,A1,True,True,1.0,1.0,A1 > A2 > A3 > A4 > A5,1.0,1,0.47055989897820927,2,0.2749468646333985,3,0.18300239759979794,4,0.0,5
power_todim,vector,1.0,3.0,1.5,0.5,1.0,A1,True,True,1.0,1.0,A1 > A2 > A3 > A4 > A5,1.0,1,0.4652209985238597,2,0.26975865124271897,3,0.1708474113735491,4,0.0,5
power_todim,vector,1.0,3.0,1.5,0.88,0.5,A1,True,True,1.0,1.0,A1 > A2 > A3 > A4 > A5,1.0,1,0.4987692160555214,2,0.2910392925490011,3,0.23073501095530782,4,0.0,5
power_todim,vector,1.0,3.0,1.5,0.88,0.88,A1,True,True,1.0,1.0,A1 > A2 > A3 > A4 > A5,1.0,1,0.5034285858671036,2,0.23240776505436878,3,0.19688824306792688,4,0.0,5
power_todim,vector,1.0,3.0,1.5,0.88,1.0,A1,True,True,1.0,1.0,A1 > A2 > A3 > A4 > A5,1.0,1,0.49955298551222194,2,0.21983056023863728,3,0.18085484878698446,4,0.0,5
power_todim,vector,1.0,3.0,1.5,1.0,0.5,A1,True,True,1.0,1.0,A1 > A2 > A3 > A4 > A5,1.0,1,0.5136535065465031,2,0.29236992719484145,3,0.24472219260006864,4,0.0,5
power_todim,vector,1.0,3.0,1.5,1.0,0.88,A1,True,True,1.0,1.0,A1 > A2 > A3 > A4 > A5,1.0,1,0.5280412053901627,2,0.2293135485905741,3,0.21658993061106785,4,0.0,5
power_todim,vector,1.0,3.0,1.5,1.0,1.0,A1,True,True,1.0,1.0,A1 > A2 > A3 > A4 > A5,1.0,1,0.526979584954626,2,0.21505853217039056,3,0.2014985121957547,4,0.0,5
power_todim,vector,1.0,3.0,2.25,0.5,0.5,A1,True,True,1.0,1.0,A1 > A2 > A3 > A4 > A5,1.0,1,0.5143802716826525,2,0.32369776285083357,3,0.25939489891668605,4,0.0,5
power_todim,vector,1.0,3.0,2.25,0.5,0.88,A1,True,True,1.0,1.0,A1 > A2 > A3 > A4 > A5,1.0,1,0.5266490041306378,2,0.28777355758302486,3,0.24372736683560128,4,0.0,5
power_todim,vector,1.0,3.0,2.25,0.5,1.0,A1,True,True,1.0,1.0,A1 > A2 > A3 > A4 > A5,1.0,1,0.5256442254331705,2,0.28240753069705266,3,0.234386391433445,4,0.0,5
power_todim,vector,1.0,3.0,2.25,0.88,0.5,A1,True,True,1.0,1.0,A1 > A2 > A3 > A4 > A5,1.0,1,0.5382773202807526,2,0.312973630366211,3,0.2805786380111933,4,0.0,5
power_todim,vector,1.0,3.0,2.25,0.88,0.88,A1,True,False,0.9,0.8,A1 > A2 > A4 > A3 > A5,1.0,1,0.5708458738148288,2,0.2581272917946793,4,0.2743437947187501,3,0.0,5
power_todim,vector,1.0,3.0,2.25,0.88,1.0,A1,True,False,0.9,0.8,A1 > A2 > A4 > A3 > A5,1.0,1,0.5758430148923404,2,0.24650600360521113,4,0.265969758177213,3,0.0,5
power_todim,vector,1.0,3.0,2.25,1.0,0.5,A1,True,True,1.0,1.0,A1 > A2 > A3 > A4 > A5,1.0,1,0.5507677675338349,2,0.3148332956580642,3,0.29282972639458676,4,0.0,5
power_todim,vector,1.0,3.0,2.25,1.0,0.88,A1,True,False,0.9,0.8,A1 > A2 > A4 > A3 > A5,1.0,1,0.5947524595939058,2,0.2575127578661074,4,0.29512274668825944,3,0.0,5
power_todim,vector,1.0,3.0,2.25,1.0,1.0,A1,True,False,0.9,0.8,A1 > A2 > A4 > A3 > A5,1.0,1,0.6038791433176609,2,0.24485650259368935,4,0.2893102145180901,3,0.0,5
power_todim,vector,1.0,3.0,3.0,0.5,0.5,A1,True,True,1.0,1.0,A1 > A2 > A3 > A4 > A5,1.0,1,0.5388677502213921,2,0.33302816431387966,3,0.2886948339168839,4,0.0,5
power_todim,vector,1.0,3.0,3.0,0.5,0.88,A1,True,True,1.0,1.0,A1 > A2 > A3 > A4 > A5,1.0,1,0.5676320016693231,2,0.29714572217997154,3,0.2880976818542553,4,0.0,5
power_todim,vector,1.0,3.0,3.0,0.5,1.0,A1,True,True,1.0,1.0,A1 > A2 > A3 > A4 > A5,1.0,1,0.5715156500926698,2,0.29201016449526773,3,0.2826231984668313,4,0.0,5
power_todim,vector,1.0,3.0,3.0,0.88,0.5,A1,True,True,1.0,1.0,A1 > A2 > A3 > A4 > A5,1.0,1,0.5615999638701321,2,0.32592203053148977,3,0.31000260486111275,4,0.0,5
power_todim,vector,1.0,3.0,3.0,0.88,0.88,A1,True,False,0.9,0.8,A1 > A2 > A4 > A3 > A5,1.0,1,0.6152487704600264,2,0.27506688581244676,4,0.325358170396618,3,0.0,5
power_todim,vector,1.0,3.0,3.0,0.88,1.0,A1,True,False,0.9,0.8,A1 > A2 > A4 > A3 > A5,1.0,1,0.628049108329401,2,0.26476029843490095,4,0.32421481259150925,3,0.0,5
power_todim,vector,1.0,3.0,3.0,1.0,0.5,A1,True,True,1.0,1.0,A1 > A2 > A3 > A4 > A5,1.0,1,0.5721930972775345,2,0.3278009545491589,3,0.3206012553778938,4,0.0,5
power_todim,vector,1.0,3.0,3.0,1.0,0.88,A1,True,False,0.9,0.8,A1 > A2 > A4 > A3 > A5,1.0,1,0.637385384314195,2,0.27553392656642606,4,0.34531043504539666,3,0.0,5
power_todim,vector,1.0,3.0,3.0,1.0,1.0,A1,True,False,0.9,0.8,A1 > A2 > A4 > A3 > A5,1.0,1,0.6548708982837165,2,0.26461540418760304,4,0.34753776358715105,3,0.0,5
power_todim,vector,1.0,3.0,5.0,0.5,0.5,A1,True,True,1.0,1.0,A1 > A2 > A3 > A4 > A5,1.0,1,0.575293381877301,2,0.3469073297966384,3,0.3322790942632825,4,0.0,5
power_todim,vector,1.0,3.0,5.0,0.5,0.88,A1,True,False,0.9,0.8,A1 > A2 > A4 > A3 > A5,1.0,1,0.6372157241564704,2,0.31305842109376397,4,0.36343262249667596,3,0.0,5
power_todim,vector,1.0,3.0,5.0,0.5,1.0,A1,True,False,0.9,0.8,A1 > A2 > A4 > A3 > A5,1.0,1,0.6529579488748399,2,0.30905913510595123,4,0.3682651090870501,3,0.0,5
power_todim,vector,1.0,3.0,5.0,0.88,0.5,A1,True,False,0.9,0.8,A1 > A2 > A4 > A3 > A5,1.0,1,0.5935835919651818,2,0.34367888616944764,4,0.3503533142136943,3,0.0,5
power_todim,vector,1.0,3.0,5.0,0.88,0.88,A1,True,False,0.9,0.8,A1 > A2 > A4 > A3 > A5,1.0,1,0.682730673643325,2,0.30081106310352457,4,0.4028879583282043,3,0.0,5
power_todim,vector,1.0,3.0,5.0,0.88,1.0,A1,True,False,0.9,0.8,A1 > A2 > A4 > A3 > A5,1.0,1,0.7105603050646044,2,0.29361102471593886,4,0.4162705253872682,3,0.0,5
power_todim,vector,1.0,3.0,5.0,1.0,0.5,A1,True,False,0.9,0.8,A1 > A2 > A4 > A3 > A5,1.0,1,0.6010096574959786,2,0.3452421481175954,4,0.357953303018657,3,0.0,5
power_todim,vector,1.0,3.0,5.0,1.0,0.88,A1,True,False,0.9,0.8,A1 > A2 > A4 > A3 > A5,1.0,1,0.7002858134916267,2,0.3021222794173266,4,0.4193571291861057,3,0.0,5
power_todim,vector,1.0,3.0,5.0,1.0,1.0,A1,True,False,0.9,0.8,A1 > A2 > A4 > A3 > A5,1.0,1,0.7328944640183855,2,0.294848918574072,4,0.436632971339519,3,0.0,5
log_todim,max,1.0,1.0,1.0,0.88,0.88,A1,True,True,1.0,1.0,A1 > A2 > A3 > A4 > A5,1.0,1,0.36425070704811513,2,0.3001229746896497,3,0.11484901785874625,4,0.0,5
log_todim,max,1.0,1.0,1.5,0.88,0.88,A1,True,True,1.0,1.0,A1 > A2 > A3 > A4 > A5,1.0,1,0.4070631807366701,2,0.31538511279360093,3,0.1657966081805482,4,0.0,5
log_todim,max,1.0,1.0,2.25,0.88,0.88,A1,True,True,1.0,1.0,A1 > A2 > A3 > A4 > A5,1.0,1,0.4483000212568536,2,0.3300855563972112,3,0.21486916755357566,4,0.0,5
log_todim,max,1.0,1.0,3.0,0.88,0.88,A1,True,True,1.0,1.0,A1 > A2 > A3 > A4 > A5,1.0,1,0.4749583301957201,2,0.33958892673741986,3,0.24659302010107467,4,0.0,5
log_todim,max,1.0,1.0,5.0,0.88,0.88,A1,True,True,1.0,1.0,A1 > A2 > A3 > A4 > A5,1.0,1,0.5147325012379899,2,0.3537679460539227,3,0.2939249772870142,4,0.0,5
log_todim,max,1.0,2.0,1.0,0.88,0.88,A1,True,True,1.0,1.0,A1 > A2 > A3 > A4 > A5,1.0,1,0.3818467842497872,2,0.317146850586885,3,0.1354241799748455,4,0.0,5
log_todim,max,1.0,2.0,1.5,0.88,0.88,A1,True,True,1.0,1.0,A1 > A2 > A3 > A4 > A5,1.0,1,0.4170025397551865,2,0.3301147220719645,3,0.17907245306617306,4,0.0,5
log_todim,max,1.0,2.0,2.25,0.88,0.88,A1,True,True,1.0,1.0,A1 > A2 > A3 > A4 > A5,1.0,1,0.45064731862958846,2,0.34252524098458337,3,0.22084474540623353,4,0.0,5
log_todim,max,1.0,2.0,3.0,0.88,0.88,A1,True,True,1.0,1.0,A1 > A2 > A3 > A4 > A5,1.0,1,0.4722851647705474,2,0.35050677356540905,3,0.24770961017421314,4,0.0,5
log_todim,max,1.0,2.0,5.0,0.88,0.88,A1,True,True,1.0,1.0,A1 > A2 > A3 > A4 > A5,1.0,1,0.5044060114792077,2,0.36235516100927634,3,0.28758983658120785,4,0.0,5
log_todim,max,1.0,3.0,1.0,0.88,0.88,A1,True,True,1.0,1.0,A1 > A2 > A3 > A4 > A5,1.0,1,0.3947593999026617,2,0.3285258417438317,3,0.14899754109511434,4,0.0,5
log_todim,max,1.0,3.0,1.5,0.88,0.88,A1,True,True,1.0,1.0,A1 > A2 > A3 > A4 > A5,1.0,1,0.42607427839309153,2,0.3403216808027329,3,0.1887229911934596,4,0.0,5
log_todim,max,1.0,3.0,2.25,0.88,0.88,A1,True,True,1.0,1.0,A1 > A2 > A3 > A4 > A5,1.0,1,0.4559394957616967,2,0.35157145453718425,3,0.2266094291885914,4,0.0,5
log_todim,max,1.0,3.0,3.0,0.88,0.88,A1,True,True,1.0,1.0,A1 > A2 > A3 > A4 > A5,1.0,1,0.475093228497476,2,0.3587863747163413,3,0.2509074846392863,4,0.0,5
log_todim,max,1.0,3.0,5.0,0.88,0.88,A1,True,True,1.0,1.0,A1 > A2 > A3 > A4 > A5,1.0,1,0.5034497550167141,2,0.36946784752463036,3,0.2868800265588299,4,0.0,5
log_todim,max,1.0,5.0,1.0,0.88,0.88,A1,True,True,1.0,1.0,A1 > A2 > A3 > A4 > A5,1.0,1,0.4119351171628664,2,0.3433823191425364,3,0.16636699407268357,4,0.0,5
log_todim,max,1.0,5.0,1.5,0.88,0.88,A1,True,True,1.0,1.0,A1 > A2 > A3 > A4 > A5,1.0,1,0.43913413482262603,2,0.35387855108099714,3,0.20162189695694605,4,0.0,5
log_todim,max,1.0,5.0,2.25,0.88,0.88,A1,True,True,1.0,1.0,A1 > A2 > A3 > A4 > A5,1.0,1,0.4649723706173891,2,0.3638496507425747,3,0.2351129775922862,4,0.0,5
log_todim,max,1.0,5.0,3.0,0.88,0.88,A1,True,True,1.0,1.0,A1 > A2 > A3 > A4 > A5,1.0,1,0.48149147412626203,2,0.37022445236274837,3,0.2565247578714695,4,0.0,5
log_todim,max,1.0,5.0,5.0,0.88,0.88,A1,True,True,1.0,1.0,A1 > A2 > A3 > A4 > A5,1.0,1,0.5058733100043857,2,0.379633520280701,3,0.2881280777698568,4,0.0,5
log_todim,max,1.0,10.0,1.0,0.88,0.88,A1,True,True,1.0,1.0,A1 > A2 > A3 > A4 > A5,1.0,1,0.43436647887912455,2,0.3627766221065636,3,0.18852326936284047,4,0.0,5
log_todim,max,1.0,10.0,1.5,0.88,0.88,A1,True,True,1.0,1.0,A1 > A2 > A3 > A4 > A5,1.0,1,0.4571440796255511,2,0.3718020854559251,3,0.2186152816636009,4,0.0,5
log_todim,max,1.0,10.0,2.25,0.88,0.88,A1,True,True,1.0,1.0,A1 > A2 > A3 > A4 > A5,1.0,1,0.47868554487928405,2,0.3803377388508338,3,0.24707420693005744,4,0.0,5
log_todim,max,1.0,10.0,3.0,0.88,0.88,A1,True,True,1.0,1.0,A1 > A2 > A3 > A4 > A5,1.0,1,0.4924085892643874,2,0.3857753982214698,3,0.26520403653931524,4,0.0,5
log_todim,max,1.0,10.0,5.0,0.88,0.88,A1,True,True,1.0,1.0,A1 > A2 > A3 > A4 > A5,1.0,1,0.5125940376007672,2,0.39377373949448563,3,0.2918714966637086,4,0.0,5
log_todim,max_min,1.0,1.0,1.0,0.88,0.88,A1,True,True,1.0,1.0,A1 > A2 > A3 > A4 > A5,1.0,1,0.457143061314961,2,0.40655129068389073,3,0.165483764755962,4,0.0,5
log_todim,max_min,1.0,1.0,1.5,0.88,0.88,A1,True,True,1.0,1.0,A1 > A2 > A3 > A4 > A5,1.0,1,0.48775728188007156,2,0.42973365508330547,3,0.20411054537075035,4,0.0,5
log_todim,max_min,1.0,1.0,2.25,0.88,0.88,A1,True,True,1.0,1.0,A1 > A2 > A3 > A4 > A5,1.0,1,0.5159331004919885,2,0.4510695598444304,3,0.23966072904600988,4,0.0,5
log_todim,max_min,1.0,1.0,3.0,0.88,0.88,A1,True,True,1.0,1.0,A1 > A2 > A3 > A4 > A5,1.0,1,0.5335024555240296,2,0.4643738081021715,3,0.2618284540391267,4,0.0,5
log_todim,max_min,1.0,1.0,5.0,0.88,0.88,A1,True,True,1.0,1.0,A1 > A2 > A3 > A4 > A5,1.0,1,0.5588255666983724,2,0.4835495238360397,3,0.293779300467991,4,0.0,5
log_todim,max_min,1.0,2.0,1.0,0.88,0.88,A1,True,True,1.0,1.0,A1 > A2 > A3 > A4 > A5,1.0,1,0.47103701478520354,2,0.40929975815306746,3,0.18558381585215572,4,0.0,5
log_todim,max_min,1.0,2.0,1.5,0.88,0.88,A1,True,True,1.0,1.0,A1 > A2 > A3 > A4 > A5,1.0,1,0.4959620529514578,2,0.4299149997683192,3,0.21836746911426638,4,0.0,5
log_todim,max_min,1.0,2.0,2.25,0.88,0.88,A1,True,True,1.0,1.0,A1 > A2 > A3 > A4 > A5,1.0,1,0.5188674851894267,2,0.4488598461809043,3,0.2484947549101619,4,0.0,5
log_todim,max_min,1.0,2.0,3.0,0.88,0.88,A1,True,True,1.0,1.0,A1 > A2 > A3 > A4 > A5,1.0,1,0.5331337992363002,2,0.46065936717155,3,0.2672590950055083,4,0.0,5
log_todim,max_min,1.0,2.0,5.0,0.88,0.88,A1,True,True,1.0,1.0,A1 > A2 > A3 > A4 > A5,1.0,1,0.5536737269965121,2,0.4776477292640049,3,0.294275056434657,4,0.0,5
log_todim,max_min,1.0,3.0,1.0,0.88,0.88,A1,True,True,1.0,1.0,A1 > A2 > A3 > A4 > A5,1.0,1,0.47913309489805467,2,0.41268181965807554,3,0.19691275641776,4,0.0,5
log_todim,max_min,1.0,3.0,1.5,0.88,0.88,A1,True,True,1.0,1.0,A1 > A2 > A3 > A4 > A5,1.0,1,0.5013775319202207,2,0.43180617312349345,3,0.22670419725401791,4,0.0,5
log_todim,max_min,1.0,3.0,2.25,0.88,0.88,A1,True,True,1.0,1.0,A1 > A2 > A3 > A4 > A5,1.0,1,0.521810638959993,2,0.4493732601680398,3,0.25406976730057435,4,0.0,5
log_todim,max_min,1.0,3.0,3.0,0.88,0.88,A1,True,True,1.0,1.0,A1 > A2 > A3 > A4 > A5,1.0,1,0.5345327834291744,2,0.4603109515748525,3,0.27110823017047136,4,0.0,5
log_todim,max_min,1.0,3.0,5.0,0.88,0.88,A1,True,True,1.0,1.0,A1 > A2 > A3 > A4 > A5,1.0,1,0.5528436747602388,2,0.4760534924057658,3,0.29563156763255094,4,0.0,5
log_todim,max_min,1.0,5.0,1.0,0.88,0.88,A1,True,True,1.0,1.0,A1 > A2 > A3 > A4 > A5,1.0,1,0.48875440287335536,2,0.41792339915615695,3,0.21007415024463436,4,0.0,5
log_todim,max_min,1.0,5.0,1.5,0.88,0.88,A1,True,True,1.0,1.0,A1 > A2 > A3 > A4 > A5,1.0,1,0.5082166746152176,2,0.4352687947775383,3,0.2365792742319959,4,0.0,5
log_todim,max_min,1.0,5.0,2.25,0.88,0.88,A1,True,True,1.0,1.0,A1 > A2 > A3 > A4 > A5,1.0,1,0.5260907446603011,2,0.4511987345301206,3,0.26092147071282573,4,0.0,5
log_todim,max_min,1.0,5.0,3.0,0.88,0.88,A1,True,True,1.0,1.0,A1 > A2 > A3 > A4 > A5,1.0,1,0.5372179176495292,2,0.4611156250250037,3,0.27607525664388616,4,0.0,5
log_todim,max_min,1.0,5.0,5.0,0.88,0.88,A1,True,True,1.0,1.0,A1 > A2 > A3 > A4 > A5,1.0,1,0.5532309510383273,2,0.47538694971469364,3,0.2978829593115524,4,0.0,5
log_todim,max_min,1.0,10.0,1.0,0.88,0.88,A1,True,True,1.0,1.0,A1 > A2 > A3 > A4 > A5,1.0,1,0.5003105224048799,2,0.42552792665883094,3,0.2255211570197915,4,0.0,5
log_todim,max_min,1.0,10.0,1.5,0.88,0.88,A1,True,True,1.0,1.0,A1 > A2 > A3 > A4 > A5,1.0,1,0.5168462446111574,2,0.44072532835575035,3,0.24836468492770608,4,0.0,5
log_todim,max_min,1.0,10.0,2.25,0.88,0.88,A1,True,True,1.0,1.0,A1 > A2 > A3 > A4 > A5,1.0,1,0.5320347179397287,2,0.45468452091219164,3,0.26934703514087766,4,0.0,5
log_todim,max_min,1.0,10.0,3.0,0.88,0.88,A1,True,True,1.0,1.0,A1 > A2 > A3 > A4 > A5,1.0,1,0.5414910544133394,2,0.46337550774529995,3,0.28241063668466443,4,0.0,5
log_todim,max_min,1.0,10.0,5.0,0.88,0.88,A1,True,True,1.0,1.0,A1 > A2 > A3 > A4 > A5,1.0,1,0.5551009895737704,2,0.47588392129518253,3,0.3012122910535425,4,0.0,5
log_todim,sum,1.0,1.0,1.0,0.88,0.88,A1,True,True,1.0,1.0,A1 > A2 > A3 > A4 > A5,1.0,1,0.402435455050401,2,0.21787910104414704,3,0.11744198771949495,4,0.0,5
log_todim,sum,1.0,1.0,1.5,0.88,0.88,A1,True,True,1.0,1.0,A1 > A2 > A3 > A4 > A5,1.0,1,0.46217331734411143,2,0.2381396672584571,3,0.18564120004838824,4,0.0,5
log_todim,sum,1.0,1.0,2.25,0.88,0.88,A1,True,True,1.0,1.0,A1 > A2 > A3 > A4 > A5,1.0,1,0.5206155273527637,2,0.25796080280176203,3,0.25236124218437,4,0.0,5
log_todim,sum,1.0,1.0,3.0,0.88,0.88,A1,True,False,0.9,0.8,A1 > A2 > A4 > A3 > A5,1.0,1,0.5588778602739811,2,0.27093777418806353,4,0.29604310268120315,3,0.0,5
log_todim,sum,1.0,1.0,5.0,0.88,0.88,A1,True,False,0.9,0.8,A1 > A2 > A4 > A3 > A5,1.0,1,0.6166821519543754,2,0.2905425547090638,4,0.3620348708909526,3,0.0,5
log_todim,sum,1.0,2.0,1.0,0.88,0.88,A1,True,True,1.0,1.0,A1 > A2 > A3 > A4 > A5,1.0,1,0.3925805180300781,2,0.23610649718976393,3,0.12373048866690337,4,0.0,5
log_todim,sum,1.0,2.0,1.5,0.88,0.88,A1,True,True,1.0,1.0,A1 > A2 > A3 > A4 > A5,1.0,1,0.44418576590011233,2,0.25339701788810887,3,0.18373847099646376,4,0.0,5
log_todim,sum,1.0,2.0,2.25,0.88,0.88,A1,True,True,1.0,1.0,A1 > A2 > A3 > A4 > A5,1.0,1,0.4943066959696112,2,0.2701902126610417,3,0.2420204483164118,4,0.0,5
log_todim,sum,1.0,2.0,3.0,0.88,0.88,A1,True,True,1.0,1.0,A1 > A2 > A3 > A4 > A5,1.0,1,0.5269273527033886,2,0.2811198789978737,3,0.2799526330002072,4,0.0,5
log_todim,sum,1.0,2.0,5.0,0.88,0.88,A1,True,False,0.9,0.8,A1 > A2 > A4 > A3 > A5,1.0,1,0.5759205880234292,2,0.29753523565914713,4,0.33692329626990414,3,0.0,5
log_todim,sum,1.0,3.0,1.0,0.88,0.88,A1,True,True,1.0,1.0,A1 > A2 > A3 > A4 > A5,1.0,1,0.39200951267194517,2,0.24875534956319237,3,0.1306082025239482,4,0.0,5
log_todim,sum,1.0,3.0,1.5,0.88,0.88,A1,True,True,1.0,1.0,A1 > A2 > A3 > A4 > A5,1.0,1,0.43859336947032657,2,0.2644446693915604,3,0.18572653230912564,4,0.0,5
log_todim,sum,1.0,3.0,2.25,0.88,0.88,A1,True,True,1.0,1.0,A1 > A2 > A3 > A4 > A5,1.0,1,0.4836385776462751,2,0.2796157764312085,3,0.23902432279113175,4,0.0,5
log_todim,sum,1.0,3.0,3.0,0.88,0.88,A1,True,True,1.0,1.0,A1 > A2 > A3 > A4 > A5,1.0,1,0.5128511468915867,2,0.289454492531546,3,0.2735888293862869,4,0.0,5
log_todim,sum,1.0,3.0,5.0,0.88,0.88,A1,True,False,0.9,0.8,A1 > A2 > A4 > A3 > A5,1.0,1,0.5565716530692064,2,0.3041794434399185,4,0.3253192236364399,3,0.0,5
log_todim,sum,1.0,5.0,1.0,0.88,0.88,A1,True,True,1.0,1.0,A1 > A2 > A3 > A4 > A5,1.0,1,0.39706952883597263,2,0.2664009641139717,3,0.1423157567587896,4,0.0,5
log_todim,sum,1.0,5.0,1.5,0.88,0.88,A1,True,True,1.0,1.0,A1 > A2 > A3 > A4 > A5,1.0,1,0.4375318909298497,2,0.28027488475059276,3,0.19146045958831637,4,0.0,5
log_todim,sum,1.0,5.0,2.25,0.88,0.88,A1,True,True,1.0,1.0,A1 > A2 > A3 > A4 > A5,1.0,1,0.47644620955345207,2,0.29361800512896896,3,0.23872494256964605,4,0.0,5
log_todim,sum,1.0,5.0,3.0,0.88,0.88,A1,True,True,1.0,1.0,A1 > A2 > A3 > A4 > A5,1.0,1,0.5015723834222041,2,0.3022333830781905,3,0.26924264554402794,4,0.0,5
log_todim,sum,1.0,5.0,5.0,0.88,0.88,A1,True,True,1.0,1.0,A1 > A2 > A3 > A4 > A5,1.0,1,0.5390158818826178,2,0.31507218188069147,3,0.3147207024223073,4,0.0,5
log_todim,sum,1.0,10.0,1.0,0.88,0.88,A1,True,True,1.0,1.0,A1 > A2 > A3 > A4 > A5,1.0,1,0.4118971606912759,2,0.29227249466898925,3,0.16189816225631792,4,0.0,5
log_todim,sum,1.0,10.0,1.5,0.88,0.88,A1,True,True,1.0,1.0,A1 > A2 > A3 > A4 > A5,1.0,1,0.4450305178984203,2,0.3040533354149174,3,0.20360805200490062,4,0.0,5
log_todim,sum,1.0,10.0,2.25,0.88,0.88,A1,True,True,1.0,1.0,A1 > A2 > A3 > A4 > A5,1.0,1,0.4766827838264031,2,0.3153075618373739,3,0.24345347164937634,4,0.0,5
log_todim,sum,1.0,10.0,3.0,0.88,0.88,A1,True,True,1.0,1.0,A1 > A2 > A3 > A4 > A5,1.0,1,0.4970097875288061,2,0.3225349970762115,3,0.2690420975783976,4,0.0,5
log_todim,sum,1.0,10.0,5.0,0.88,0.88,A1,True,True,1.0,1.0,A1 > A2 > A3 > A4 > A5,1.0,1,0.5271423706587455,2,0.33324888763966803,3,0.30697446622828395,4,0.0,5
log_todim,vector,1.0,1.0,1.0,0.88,0.88,A1,True,True,1.0,1.0,A1 > A2 > A3 > A4 > A5,1.0,1,0.384213314427289,2,0.24082183111698074,3,0.11587838232141598,4,0.0,5
log_todim,vector,1.0,1.0,1.5,0.88,0.88,A1,True,True,1.0,1.0,A1 > A2 > A3 > A4 > A5,1.0,1,0.43478031334424905,2,0.2578760949255994,3,0.1746784478811316,4,0.0,5
log_todim,vector,1.0,1.0,2.25,0.88,0.88,A1,True,True,1.0,1.0,A1 > A2 > A3 > A4 > A5,1.0,1,0.4838256194317824,2,0.27441715147445267,3,0.2317090661719083,4,0.0,5
log_todim,vector,1.0,1.0,3.0,0.88,0.88,A1,True,True,1.0,1.0,A1 > A2 > A3 > A4 > A5,1.0,1,0.5157106881667857,2,0.28517073356176736,3,0.26878550282327157,4,0.0,5
log_todim,vector,1.0,1.0,5.0,0.88,0.88,A1,True,False,0.9,0.8,A1 > A2 > A4 > A3 > A5,1.0,1,0.5635465955427335,2,0.30130390739820084,4,0.32440981413415754,3,0.0,5
log_todim,vector,1.0,2.0,1.0,0.88,0.88,A1,True,True,1.0,1.0,A1 > A2 > A3 > A4 > A5,1.0,1,0.3887534115110002,2,0.26340575431076046,3,0.1310848881058886,4,0.0,5
log_todim,vector,1.0,2.0,1.5,0.88,0.88,A1,True,True,1.0,1.0,A1 > A2 > A3 > A4 > A5,1.0,1,0.43078178664232525,2,0.27783570684516085,3,0.18167669789399898,4,0.0,5
log_todim,vector,1.0,2.0,2.25,0.88,0.88,A1,True,True,1.0,1.0,A1 > A2 > A3 > A4 > A5,1.0,1,0.47125163831109457,2,0.2917305585216724,3,0.23039242938211418,4,0.0,5
log_todim,vector,1.0,2.0,3.0,0.88,0.88,A1,True,True,1.0,1.0,A1 > A2 > A3 > A4 > A5,1.0,1,0.4974079808431772,2,0.3007110337370979,3,0.2618782220638659,4,0.0,5
log_todim,vector,1.0,2.0,5.0,0.88,0.88,A1,True,True,1.0,1.0,A1 > A2 > A3 > A4 > A5,1.0,1,0.5364242693209347,2,0.3141068214410788,3,0.3088442215615132,4,0.0,5
log_todim,vector,1.0,3.0,1.0,0.88,0.88,A1,True,True,1.0,1.0,A1 > A2 > A3 > A4 > A5,1.0,1,0.3963288743110235,2,0.2779785134391522,3,0.14249307317617954,4,0.0,5
log_todim,vector,1.0,3.0,1.5,0.88,0.88,A1,True,True,1.0,1.0,A1 > A2 > A3 > A4 > A5,1.0,1,0.43374897275308,2,0.2910694776155496,3,0.1885519584066483,4,0.0,5
log_todim,vector,1.0,3.0,2.25,0.88,0.88,A1,True,True,1.0,1.0,A1 > A2 > A3 > A4 > A5,1.0,1,0.46963574299385,2,0.3036240256575854,3,0.2327235319895262,4,0.0,5
log_todim,vector,1.0,3.0,3.0,0.88,0.88,A1,True,True,1.0,1.0,A1 > A2 > A3 > A4 > A5,1.0,1,0.49275432092415183,2,0.3117117776436866,3,0.26117925423280813,4,0.0,5
log_todim,vector,1.0,3.0,5.0,0.88,0.88,A1,True,True,1.0,1.0,A1 > A2 > A3 > A4 > A5,1.0,1,0.5271295057389442,2,0.32373751599561257,3,0.3034902784705539,4,0.0,5
log_todim,vector,1.0,5.0,1.0,0.88,0.88,A1,True,True,1.0,1.0,A1 > A2 > A3 > A4 > A5,1.0,1,0.40935002297772816,2,0.29707247301819645,3,0.15836084419124746,4,0.0,5
log_todim,vector,1.0,5.0,1.5,0.88,0.88,A1,True,True,1.0,1.0,A1 > A2 > A3 > A4 > A5,1.0,1,0.4416324018507732,2,0.3086813257817265,3,0.1991477134732316,4,0.0,5
log_todim,vector,1.0,5.0,2.25,0.88,0.88,A1,True,True,1.0,1.0,A1 > A2 > A3 > A4 > A5,1.0,1,0.4724466931404243,2,0.31976224927874847,3,0.2380797412457387,4,0.0,5
log_todim,vector,1.0,5.0,3.0,0.88,0.88,A1,True,True,1.0,1.0,A1 > A2 > A3 > A4 > A5,1.0,1,0.492222665677446,2,0.32687375597225266,3,0.26306550855748745,4,0.0,5
log_todim,vector,1.0,5.0,5.0,0.88,0.88,A1,True,True,1.0,1.0,A1 > A2 > A3 > A4 > A5,1.0,1,0.521519880168018,2,0.33740913351490914,3,0.30008079985471425,4,0.0,5
log_todim,vector,1.0,10.0,1.0,0.88,0.88,A1,True,True,1.0,1.0,A1 > A2 > A3 > A4 > A5,1.0,1,0.4297119384236228,2,0.3226160049377733,3,0.1803710725661668,4,0.0,5
log_todim,vector,1.0,10.0,1.5,0.88,0.88,A1,True,True,1.0,1.0,A1 > A2 > A3 > A4 > A5,1.0,1,0.45633095580528277,2,0.332546005420418,3,0.2149380427873978,4,0.0,5
log_todim,vector,1.0,10.0,2.25,0.88,0.88,A1,True,True,1.0,1.0,A1 > A2 > A3 > A4 > A5,1.0,1,0.48160071315750214,2,0.34197267580069807,3,0.24775288855603722,4,0.0,5
log_todim,vector,1.0,10.0,3.0,0.88,0.88,A1,True,True,1.0,1.0,A1 > A2 > A3 > A4 > A5,1.0,1,0.49774744746570193,2,0.34799607918838416,3,0.2687207430789554,4,0.0,5
log_todim,vector,1.0,10.0,5.0,0.88,0.88,A1,True,True,1.0,1.0,A1 > A2 > A3 > A4 > A5,1.0,1,0.5215669652921339,2,0.3568817499147496,3,0.2996523342637463,4,0.0,5
exptodim,max,1.0,1.0,1.0,0.88,0.88,A1,True,True,1.0,1.0,A1 > A2 > A3 > A4 > A5,1.0,1,0.3408745654159208,2,0.2825528156411105,3,0.08706736906183679,4,0.0,5
exptodim,max,1.0,1.0,1.5,0.88,0.88,A1,True,True,1.0,1.0,A1 > A2 > A3 > A4 > A5,1.0,1,0.3946880135814977,2,0.3001631920572117,3,0.14719755965148362,4,0.0,5
exptodim,max,1.0,1.0,2.25,0.88,0.88,A1,True,True,1.0,1.0,A1 > A2 > A3 > A4 > A5,1.0,1,0.4469506170800114,2,0.31726605670291186,3,0.20559486397228338,4,0.0,5
exptodim,max,1.0,1.0,3.0,0.88,0.88,A1,True,True,1.0,1.0,A1 > A2 > A3 > A4 > A5,1.0,1,0.480963563775168,2,0.3283967464234352,3,0.24360032612000598,4,0.0,5
exptodim,max,1.0,1.0,5.0,0.88,0.88,A1,True,True,1.0,1.0,A1 > A2 > A3 > A4 > A5,1.0,1,0.5320455287351572,2,0.3451132487418076,3,0.30067840592056044,4,0.0,5
exptodim,max,1.0,2.0,1.0,0.88,0.88,A1,True,True,1.0,1.0,A1 > A2 > A3 > A4 > A5,1.0,1,0.3332196209292023,2,0.2971306840038053,3,0.09918431914666169,4,0.0,5
exptodim,max,1.0,2.0,1.5,0.88,0.88,A1,True,True,1.0,1.0,A1 > A2 > A3 > A4 > A5,1.0,1,0.3706199581483507,2,0.30938410103250236,3,0.14495998135546698,4,0.0,5
exptodim,max,1.0,2.0,2.25,0.88,0.88,A1,True,True,1.0,1.0,A1 > A2 > A3 > A4 > A5,1.0,1,0.40653455999094196,2,0.3211507487827148,3,0.18891719683930164,4,0.0,5
exptodim,max,1.0,2.0,3.0,0.88,0.88,A1,True,True,1.0,1.0,A1 > A2 > A3 > A4 > A5,1.0,1,0.4296953673340239,2,0.32873888975142235,3,0.2172645694099779,4,0.0,5
exptodim,max,1.0,2.0,5.0,0.88,0.88,A1,True,True,1.0,1.0,A1 > A2 > A3 > A4 > A5,1.0,1,0.464168608229791,2,0.34003330655176883,3,0.2594576496819784,4,0.0,5
exptodim,max,1.0,3.0,1.0,0.88,0.88,A1,True,True,1.0,1.0,A1 > A2 > A3 > A4 > A5,1.0,1,0.3458627979794184,2,0.31028610652235084,3,0.11973622796286104,4,0.0,5
exptodim,max,1.0,3.0,1.5,0.88,0.88,A1,True,True,1.0,1.0,A1 > A2 > A3 > A4 > A5,1.0,1,0.3718692430197287,2,0.3196387927768413,3,0.15605418938192012,4,0.0,5
exptodim,max,1.0,3.0,2.25,0.88,0.88,A1,True,True,1.0,1.0,A1 > A2 > A3 > A4 > A5,1.0,1,0.39664259315361255,2,0.328548021658979,3,0.19065013561711946,4,0.0,5
exptodim,max,1.0,3.0,3.0,0.88,0.88,A1,True,True,1.0,1.0,A1 > A2 > A3 > A4 > A5,1.0,1,0.41251574234465915,2,0.33425647523748486,3,0.21281696460992697,4,0.0,5
exptodim,max,1.0,3.0,5.0,0.88,0.88,A1,True,True,1.0,1.0,A1 > A2 > A3 > A4 > A5,1.0,1,0.4359940150612439,2,0.34269995600447273,3,0.24560433717797298,4,0.0,5
exptodim,max,1.0,5.0,1.0,0.88,0.88,A1,True,True,1.0,1.0,A1 > A2 > A3 > A4 > A5,1.0,1,0.3922963533150306,2,0.3373041306197127,3,0.16470521491732662,4,0.0,5
exptodim,max,1.0,5.0,1.5,0.88,0.88,A1,True,True,1.0,1.0,A1 > A2 > A3 > A4 > A5,1.0,1,0.4045805319981153,2,0.3435160518675119,3,0.18930484388468163,4,0.0,5
exptodim,max,1.0,5.0,2.25,0.88,0.88,A1,True,True,1.0,1.0,A1 > A2 > A3 > A4 > A5,1.0,1,0.41615337596101776,2,0.3493682620286687,3,0.2124799925803378,4,0.0,5
exptodim,max,1.0,5.0,3.0,0.88,0.88,A1,True,True,1.0,1.0,A1 > A2 > A3 > A4 > A5,1.0,1,0.4235033533421052,2,0.35308503315698925,3,0.22719865804082734,4,0.0,5
exptodim,max,1.0,5.0,5.0,0.88,0.88,A1,True,True,1.0,1.0,A1 > A2 > A3 > A4 > A5,1.0,1,0.4342828389977855,2,0.3585360541582609,3,0.24878507048481177,4,0.0,5
exptodim,max,1.0,10.0,1.0,0.88,0.88,A1,True,True,1.0,1.0,A1 > A2 > A3 > A4 > A5,1.0,1,0.4904209338116388,2,0.4008651411661724,3,0.24464371451429257,4,0.0,5
exptodim,max,1.0,10.0,1.5,0.88,0.88,A1,True,True,1.0,1.0,A1 > A2 > A3 > A4 > A5,1.0,1,0.49094950404409404,2,0.4032639817554209,3,0.2552056912951424,4,0.0,5
exptodim,max,1.0,10.0,2.25,0.88,0.88,A1,True,True,1.0,1.0,A1 > A2 > A3 > A4 > A5,1.0,1,0.491440947982429,2,0.4054943299555867,3,0.2650258043985059,4,0.0,5
exptodim,max,1.0,10.0,3.0,0.88,0.88,A1,True,True,1.0,1.0,A1 > A2 > A3 > A4 > A5,1.0,1,0.49174983900714686,2,0.406896187802,3,0.27119811534331517,4,0.0,5
exptodim,max,1.0,10.0,5.0,0.88,0.88,A1,True,True,1.0,1.0,A1 > A2 > A3 > A4 > A5,1.0,1,0.4921983967975072,2,0.4089319033381214,3,0.28016127042802336,4,0.0,5
exptodim,max_min,1.0,1.0,1.0,0.88,0.88,A1,True,True,1.0,1.0,A1 > A2 > A3 > A4 > A5,1.0,1,0.43308739428413573,2,0.3889545456100561,3,0.1350219444732768,4,0.0,5
exptodim,max_min,1.0,1.0,1.5,0.88,0.88,A1,True,True,1.0,1.0,A1 > A2 > A3 > A4 > A5,1.0,1,0.4644156603905123,2,0.4146610420484258,3,0.1768213556301054,4,0.0,5
exptodim,max_min,1.0,1.0,2.25,0.88,0.88,A1,True,True,1.0,1.0,A1 > A2 > A3 > A4 > A5,1.0,1,0.49330664530770824,2,0.43836762058529904,3,0.2153688498699416,4,0.0,5
exptodim,max_min,1.0,1.0,3.0,0.88,0.88,A1,True,True,1.0,1.0,A1 > A2 > A3 > A4 > A5,1.0,1,0.5113501627460241,2,0.4531732793213669,3,0.23944322416051467,4,0.0,5
exptodim,max_min,1.0,1.0,5.0,0.88,0.88,A1,True,True,1.0,1.0,A1 > A2 > A3 > A4 > A5,1.0,1,0.5373949150071834,2,0.4745443736859999,3,0.274193162268974,4,0.0,5
exptodim,max_min,1.0,2.0,1.0,0.88,0.88,A1,True,True,1.0,1.0,A1 > A2 > A3 > A4 > A5,1.0,1,0.4623778846608237,2,0.37064955044727144,3,0.1804454233313565,4,0.0,5
exptodim,max_min,1.0,2.0,1.5,0.88,0.88,A1,True,True,1.0,1.0,A1 > A2 > A3 > A4 > A5,1.0,1,0.47378646351627657,2,0.39156041180286866,3,0.20583125776676456,4,0.0,5
exptodim,max_min,1.0,2.0,2.25,0.88,0.88,A1,True,True,1.0,1.0,A1 > A2 > A3 > A4 > A5,1.0,1,0.48421240413110495,2,0.410670188880332,3,0.22903057168963142,4,0.0,5
exptodim,max_min,1.0,2.0,3.0,0.88,0.88,A1,True,True,1.0,1.0,A1 > A2 > A3 > A4 > A5,1.0,1,0.4906780647757229,2,0.4225211420117403,3,0.24341765641941407,4,0.0,5
exptodim,max_min,1.0,2.0,5.0,0.88,0.88,A1,True,True,1.0,1.0,A1 > A2 > A3 > A4 > A5,1.0,1,0.4999495261022051,2,0.43951486619230995,3,0.2640480771922751,4,0.0,5
exptodim,max_min,1.0,3.0,1.0,0.88,0.88,A1,True,True,1.0,1.0,A1 > A2 > A3 > A4 > A5,1.0,1,0.4936908199125199,2,0.37702951233603577,3,0.22355352266011866,4,0.0,5
exptodim,max_min,1.0,3.0,1.5,0.88,0.88,A1,True,True,1.0,1.0,A1 > A2 > A3 > A4 > A5,1.0,1,0.4958684759781259,2,0.39369494998484345,3,0.2386283793327647,4,0.0,5
exptodim,max_min,1.0,3.0,2.25,0.88,0.88,A1,True,True,1.0,1.0,A1 > A2 > A3 > A4 > A5,1.0,1,0.49784841641279554,2,0.4088472848202153,3,0.25233454659417526,4,0.0,5
exptodim,max_min,1.0,3.0,3.0,0.88,0.88,A1,True,True,1.0,1.0,A1 > A2 > A3 > A4 > A5,1.0,1,0.49907144123948416,2,0.4182070015881868,3,0.26080095424257116,4,0.0,5
exptodim,max_min,1.0,3.0,5.0,0.88,0.88,A1,True,True,1.0,1.0,A1 > A2 > A3 > A4 > A5,1.0,1,0.5008187791322612,2,0.43157924671146236,3,0.2728969269300503,4,0.0,5
exptodim,max_min,1.0,5.0,1.0,0.88,0.88,A1,True,True,1.0,1.0,A1 > A2 > A3 > A4 > A5,1.0,1,0.5337959975821644,2,0.40662765173826965,3,0.2781578215121572,4,0.0,5
exptodim,max_min,1.0,5.0,1.5,0.88,0.88,A1,True,True,1.0,1.0,A1 > A2 > A3 > A4 > A5,1.0,1,0.5304644101625421,2,0.41687727760811355,3,0.2828638581479086,4,0.0,5
exptodim,max_min,1.0,5.0,2.25,0.88,0.88,A1,True,True,1.0,1.0,A1 > A2 > A3 > A4 > A5,1.0,1,0.5274394250190901,2,0.4261836418354507,3,0.2871368034783674,4,0.0,5
exptodim,max_min,1.0,5.0,3.0,0.88,0.88,A1,True,True,1.0,1.0,A1 > A2 > A3 > A4 > A5,1.0,1,0.5255728239973348,2,0.43192623829519794,3,0.2897734723350735,4,0.0,5
exptodim,max_min,1.0,5.0,5.0,0.88,0.88,A1,True,True,1.0,1.0,A1 > A2 > A3 > A4 > A5,1.0,1,0.5229085951998366,2,0.4401227359302846,3,0.2935368309830273,4,0.0,5
exptodim,max_min,1.0,10.0,1.0,0.88,0.88,A1,True,True,1.0,1.0,A1 > A2 > A3 > A4 > A5,1.0,1,0.5671814886073437,2,0.45920649050576423,3,0.32089885469681745,4,0.0,5
exptodim,max_min,1.0,10.0,1.5,0.88,0.88,A1,True,True,1.0,1.0,A1 > A2 > A3 > A4 > A5,1.0,1,0.5647800212409009,2,0.46233270678840904,3,0.3205345779634395,4,0.0,5
exptodim,max_min,1.0,10.0,2.25,0.88,0.88,A1,True,True,1.0,1.0,A1 > A2 > A3 > A4 > A5,1.0,1,0.5625821378439045,2,0.46519389864096466,3,0.3202011827254312,4,0.0,5
exptodim,max_min,1.0,10.0,3.0,0.88,0.88,A1,True,True,1.0,1.0,A1 > A2 > A3 > A4 > A5,1.0,1,0.5612175514926241,2,0.4669703092347788,3,0.3199941896738481,4,0.0,5
exptodim,max_min,1.0,10.0,5.0,0.88,0.88,A1,True,True,1.0,1.0,A1 > A2 > A3 > A4 > A5,1.0,1,0.5592587011871117,2,0.4695203291958775,3,0.31969705318120206,4,0.0,5
exptodim,sum,1.0,1.0,1.0,0.88,0.88,A1,True,True,1.0,1.0,A1 > A2 > A3 > A4 > A5,1.0,1,0.431889239592358,2,0.1957937880007386,3,0.11749914068117065,4,0.0,5
exptodim,sum,1.0,1.0,1.5,0.88,0.88,A1,True,True,1.0,1.0,A1 > A2 > A3 > A4 > A5,1.0,1,0.5025511615683347,2,0.22092726965699336,3,0.19769040534428073,4,0.0,5
exptodim,sum,1.0,1.0,2.25,0.88,0.88,A1,True,False,0.9,0.8,A1 > A2 > A4 > A3 > A5,1.0,1,0.5723943951906455,2,0.24576955503463496,4,0.27695257478029317,3,0.0,5
exptodim,sum,1.0,1.0,3.0,0.88,0.88,A1,True,False,0.9,0.8,A1 > A2 > A4 > A3 > A5,1.0,1,0.6185087232046858,2,0.2621717924040831,4,0.32928580007513586,3,0.0,5
exptodim,sum,1.0,1.0,5.0,0.88,0.88,A1,True,False,0.9,0.8,A1 > A2 > A4 > A3 > A5,1.0,1,0.6887650828694716,2,0.28716102107904645,4,0.409016809006097,3,0.0,5
exptodim,sum,1.0,2.0,1.0,0.88,0.88,A1,True,True,1.0,1.0,A1 > A2 > A3 > A4 > A5,1.0,1,0.40680853842741527,2,0.20612549981806416,3,0.11203251526527438,4,0.0,5
exptodim,sum,1.0,2.0,1.5,0.88,0.88,A1,True,True,1.0,1.0,A1 > A2 > A3 > A4 > A5,1.0,1,0.4719133744459682,2,0.22736833556658761,3,0.1849626769366972,4,0.0,5
exptodim,sum,1.0,2.0,2.25,0.88,0.88,A1,True,False,0.9,0.8,A1 > A2 > A4 > A3 > A5,1.0,1,0.5358447021532854,2,0.2482282712752737,4,0.25657827956619583,3,0.0,5
exptodim,sum,1.0,2.0,3.0,0.88,0.88,A1,True,False,0.9,0.8,A1 > A2 > A4 > A3 > A5,1.0,1,0.5778292130755686,2,0.2619272547002532,4,0.3036091509500846,3,0.0,5
exptodim,sum,1.0,2.0,5.0,0.88,0.88,A1,True,False,0.9,0.8,A1 > A2 > A4 > A3 > A5,1.0,1,0.6414504277259596,2,0.2826860046732146,4,0.37487736624615037,3,0.0,5
exptodim,sum,1.0,3.0,1.0,0.88,0.88,A1,True,True,1.0,1.0,A1 > A2 > A3 > A4 > A5,1.0,1,0.38687160631744544,2,0.21702869600729793,3,0.10949334904865253,4,0.0,5
exptodim,sum,1.0,3.0,1.5,0.88,0.88,A1,True,True,1.0,1.0,A1 > A2 > A3 > A4 > A5,1.0,1,0.44657656413847546,2,0.235325334443734,3,0.17591692331528413,4,0.0,5
exptodim,sum,1.0,3.0,2.25,0.88,0.88,A1,True,True,1.0,1.0,A1 > A2 > A3 > A4 > A5,1.0,1,0.5048817161749161,2,0.25319300112880166,3,0.2407831712411074,4,0.0,5
exptodim,sum,1.0,3.0,3.0,0.88,0.88,A1,True,False,0.9,0.8,A1 > A2 > A4 > A3 > A5,1.0,1,0.5429982694976306,2,0.26487385344058734,4,0.28318899150830734,3,0.0,5
exptodim,sum,1.0,3.0,5.0,0.88,0.88,A1,True,False,0.9,0.8,A1 > A2 > A4 > A3 > A5,1.0,1,0.6004984097750785,2,0.28249482354250827,4,0.3471596394653767,3,0.0,5
exptodim,sum,1.0,5.0,1.0,0.88,0.88,A1,True,True,1.0,1.0,A1 > A2 > A3 > A4 > A5,1.0,1,0.3613811937465019,2,0.23789715388798796,3,0.11074189748632458,4,0.0,5
exptodim,sum,1.0,5.0,1.5,0.88,0.88,A1,True,True,1.0,1.0,A1 > A2 > A3 > A4 > A5,1.0,1,0.41127303930629855,2,0.2521211519424483,3,0.166523890443569,4,0.0,5
exptodim,sum,1.0,5.0,2.25,0.88,0.88,A1,True,True,1.0,1.0,A1 > A2 > A3 > A4 > A5,1.0,1,0.45956602951183767,2,0.2658893216908369,3,0.22051826987178585,4,0.0,5
exptodim,sum,1.0,5.0,3.0,0.88,0.88,A1,True,True,1.0,1.0,A1 > A2 > A3 > A4 > A5,1.0,1,0.490910655976396,2,0.27482556970586136,3,0.2555633902331456,4,0.0,5
exptodim,sum,1.0,5.0,5.0,0.88,0.88,A1,True,False,0.9,0.8,A1 > A2 > A4 > A3 > A5,1.0,1,0.5378600682518779,2,0.2882106898867562,4,0.3080555711800068,3,0.0,5
exptodim,sum,1.0,10.0,1.0,0.88,0.88,A1,True,True,1.0,1.0,A1 > A2 > A3 > A4 > A5,1.0,1,0.3512539638867743,2,0.278696637778814,3,0.13156231292323908,4,0.0,5
exptodim,sum,1.0,10.0,1.5,0.88,0.88,A1,True,True,1.0,1.0,A1 > A2 > A3 > A4 > A5,1.0,1,0.38273179601060253,2,0.28770703555834237,3,0.17060984831292347,4,0.0,5
exptodim,sum,1.0,10.0,2.25,0.88,0.88,A1,True,True,1.0,1.0,A1 > A2 > A3 > A4 > A5,1.0,1,0.4127650464166308,2,0.29630392786356724,3,0.2078654129109982,4,0.0,5
exptodim,sum,1.0,10.0,3.0,0.88,0.88,A1,True,True,1.0,1.0,A1 > A2 > A3 > A4 > A5,1.0,1,0.4320330353164992,2,0.30181930909174054,3,0.23176691526020646,4,0.0,5
exptodim,sum,1.0,10.0,5.0,0.88,0.88,A1,True,True,1.0,1.0,A1 > A2 > A3 > A4 > A5,1.0,1,0.4605680321433576,2,0.309987332576844,3,0.2671639303423807,4,0.0,5
exptodim,vector,1.0,1.0,1.0,0.88,0.88,A1,True,True,1.0,1.0,A1 > A2 > A3 > A4 > A5,1.0,1,0.3919065007648469,2,0.2111451089783267,3,0.10040640173914944,4,0.0,5
exptodim,vector,1.0,1.0,1.5,0.88,0.88,A1,True,True,1.0,1.0,A1 > A2 > A3 > A4 > A5,1.0,1,0.45610507605283,2,0.23212188662682604,3,0.17179614891488054,4,0.0,5
exptodim,vector,1.0,1.0,2.25,0.88,0.88,A1,True,True,1.0,1.0,A1 > A2 > A3 > A4 > A5,1.0,1,0.5190401295189422,2,0.25268581062253775,3,0.24178084149228535,4,0.0,5
exptodim,vector,1.0,1.0,3.0,0.88,0.88,A1,True,False,0.9,0.8,A1 > A2 > A4 > A3 > A5,1.0,1,0.5603131759095225,2,0.2661717098520405,4,0.2876770679081892,3,0.0,5
exptodim,vector,1.0,1.0,5.0,0.88,0.88,A1,True,False,0.9,0.8,A1 > A2 > A4 > A3 > A5,1.0,1,0.6227700421371483,2,0.2865793869632833,4,0.3571300093383912,3,0.0,5
exptodim,vector,1.0,2.0,1.0,0.88,0.88,A1,True,True,1.0,1.0,A1 > A2 > A3 > A4 > A5,1.0,1,0.3602142815974861,2,0.23513749123873512,3,0.10055204806040809,4,0.0,5
exptodim,vector,1.0,2.0,1.5,0.88,0.88,A1,True,True,1.0,1.0,A1 > A2 > A3 > A4 > A5,1.0,1,0.4128762796945163,2,0.25079940196452266,3,0.1592309548502877,4,0.0,5
exptodim,vector,1.0,2.0,2.25,0.88,0.88,A1,True,True,1.0,1.0,A1 > A2 > A3 > A4 > A5,1.0,1,0.46398525570096166,2,0.2659994370643024,3,0.2161793986537814,4,0.0,5
exptodim,vector,1.0,2.0,3.0,0.88,0.88,A1,True,True,1.0,1.0,A1 > A2 > A3 > A4 > A5,1.0,1,0.4972287114142132,2,0.2758861875563422,3,0.253221093037979,4,0.0,5
exptodim,vector,1.0,2.0,5.0,0.88,0.88,A1,True,False,0.9,0.8,A1 > A2 > A4 > A3 > A5,1.0,1,0.5471273490434635,2,0.2907262626793523,4,0.3088209109748884,3,0.0,5
exptodim,vector,1.0,3.0,1.0,0.88,0.88,A1,True,True,1.0,1.0,A1 > A2 > A3 > A4 > A5,1.0,1,0.346955164058205,2,0.2551798680621953,3,0.10762808023643365,4,0.0,5
exptodim,vector,1.0,3.0,1.5,0.88,0.88,A1,True,True,1.0,1.0,A1 > A2 > A3 > A4 > A5,1.0,1,0.3900237280852511,2,0.26752636865454676,3,0.1569887149263198,4,0.0,5
exptodim,vector,1.0,3.0,2.25,0.88,0.88,A1,True,True,1.0,1.0,A1 > A2 > A3 > A4 > A5,1.0,1,0.4315044445921091,2,0.2794176796952742,3,0.204529526662786,4,0.0,5
exptodim,vector,1.0,3.0,3.0,0.88,0.88,A1,True,True,1.0,1.0,A1 > A2 > A3 > A4 > A5,1.0,1,0.45831895505933756,2,0.2871046174153094,3,0.23526148361240282,4,0.0,5
exptodim,vector,1.0,3.0,5.0,0.88,0.88,A1,True,True,1.0,1.0,A1 > A2 > A3 > A4 > A5,1.0,1,0.498324052446134,2,0.2985729115119734,3,0.2811110967223947,4,0.0,5
exptodim,vector,1.0,5.0,1.0,0.88,0.88,A1,True,True,1.0,1.0,A1 > A2 > A3 > A4 > A5,1.0,1,0.35102978378624333,2,0.2860038238169983,3,0.13025207360106836,4,0.0,5
exptodim,vector,1.0,5.0,1.5,0.88,0.88,A1,True,True,1.0,1.0,A1 > A2 > A3 > A4 > A5,1.0,1,0.3797063355014538,2,0.29456351275723686,3,0.16725587161188182,4,0.0,5
exptodim,vector,1.0,5.0,2.25,0.88,0.88,A1,True,True,1.0,1.0,A1 > A2 > A3 > A4 > A5,1.0,1,0.4070300824276427,2,0.30271940181575024,3,0.20251403034018492,4,0.0,5
exptodim,vector,1.0,5.0,3.0,0.88,0.88,A1,True,True,1.0,1.0,A1 > A2 > A3 > A4 > A5,1.0,1,0.4245408962570186,2,0.30794621991293386,3,0.22510972540081142,4,0.0,5
exptodim,vector,1.0,5.0,5.0,0.88,0.88,A1,True,True,1.0,1.0,A1 > A2 > A3 > A4 > A5,1.0,1,0.45044653529586987,2,0.315678816710932,3,0.258537978694817,4,0.0,5
exptodim,vector,1.0,10.0,1.0,0.88,0.88,A1,True,True,1.0,1.0,A1 > A2 > A3 > A4 > A5,1.0,1,0.41331221694451137,2,0.3401950166168474,3,0.18996962861147543,4,0.0,5
exptodim,vector,1.0,10.0,1.5,0.88,0.88,A1,True,True,1.0,1.0,A1 > A2 > A3 > A4 > A5,1.0,1,0.42291204128975063,2,0.3447329725834556,3,0.21123844402960593,4,0.0,5
exptodim,vector,1.0,10.0,2.25,0.88,0.88,A1,True,True,1.0,1.0,A1 > A2 > A3 > A4 > A5,1.0,1,0.43192228979705094,2,0.34899222874313773,3,0.23120102933131503,4,0.0,5
exptodim,vector,1.0,10.0,3.0,0.88,0.88,A1,True,True,1.0,1.0,A1 > A2 > A3 > A4 > A5,1.0,1,0.4376278633888063,2,0.35168932410576964,3,0.24384196808326106,4,0.0,5
exptodim,vector,1.0,10.0,5.0,0.88,0.88,A1,True,True,1.0,1.0,A1 > A2 > A3 > A4 > A5,1.0,1,0.44597204856356737,2,0.3556337238716956,3,0.2623288620007223,4,0.0,5
